zip,year,wildfire_prob,wildfire_pred
90001,2023,0.1430032697845915,1
90002,2023,0.1430032697845915,1
90003,2023,0.1430032697845915,1
90004,2023,0.08416005515386821,0
90005,2023,0.1430032697845915,1
90006,2023,0.1430032697845915,1
90007,2023,0.1430032697845915,1
90008,2023,0.1430032697845915,1
90009,2023,0.1430032697845915,1
90010,2023,0.1430032697845915,1
90011,2023,0.1430032697845915,1
90012,2023,0.08416005515386821,0
90013,2023,0.1430032697845915,1
90014,2023,0.1430032697845915,1
90015,2023,0.1430032697845915,1
90016,2023,0.1430032697845915,1
90017,2023,0.1430032697845915,1
90018,2023,0.1430032697845915,1
90019,2023,0.1430032697845915,1
90020,2023,0.08416005515386821,0
90021,2023,0.1430032697845915,1
90022,2023,0.11729813613447423,1
90023,2023,0.1430032697845915,1
90024,2023,0.1430032697845915,1
90025,2023,0.1430032697845915,1
90026,2023,0.08416005515386821,0
90027,2023,0.08416005515386821,0
90028,2023,0.08416005515386821,0
90029,2023,0.08416005515386821,0
90030,2023,0.1430032697845915,1
90031,2023,0.08416005515386821,0
90032,2023,0.08416005515386821,0
90033,2023,0.1430032697845915,1
90034,2023,0.1430032697845915,1
90035,2023,0.1430032697845915,1
90036,2023,0.08416005515386821,0
90037,2023,0.1430032697845915,1
90038,2023,0.08416005515386821,0
90039,2023,0.08416005515386821,0
90040,2023,0.11729813613447423,1
90041,2023,0.08416005515386821,0
90042,2023,0.08416005515386821,0
90043,2023,0.1430032697845915,1
90044,2023,0.1430032697845915,1
90045,2023,0.1430032697845915,1
90046,2023,0.09844860785916147,0
90047,2023,0.1430032697845915,1
90048,2023,0.08416005515386821,0
90049,2023,0.17269808241963808,1
90050,2023,0.1430032697845915,1
90051,2023,0.1430032697845915,1
90052,2023,0.1430032697845915,1
90053,2023,0.1430032697845915,1
90054,2023,0.1430032697845915,1
90055,2023,0.1430032697845915,1
90056,2023,0.1430032697845915,1
90057,2023,0.1430032697845915,1
90058,2023,0.1430032697845915,1
90059,2023,0.1430032697845915,1
90060,2023,0.1430032697845915,1
90061,2023,0.1430032697845915,1
90062,2023,0.1430032697845915,1
90063,2023,0.1430032697845915,1
90064,2023,0.1430032697845915,1
90065,2023,0.08416005515386821,0
90066,2023,0.1430032697845915,1
90067,2023,0.1430032697845915,1
90068,2023,0.13404369876067945,1
90069,2023,0.08416005515386821,0
90070,2023,0.1430032697845915,1
90071,2023,0.1430032697845915,1
90072,2023,0.1430032697845915,1
90073,2023,0.11729813613447423,1
90074,2023,0.1430032697845915,1
90075,2023,0.1430032697845915,1
90076,2023,0.1430032697845915,1
90077,2023,0.08416005515386821,0
90078,2023,0.1430032697845915,1
90079,2023,0.11729813613447423,1
90080,2023,0.1430032697845915,1
90081,2023,0.1430032697845915,1
90082,2023,0.1430032697845915,1
90083,2023,0.1430032697845915,1
90084,2023,0.1430032697845915,1
90086,2023,0.1430032697845915,1
90087,2023,0.1430032697845915,1
90088,2023,0.1430032697845915,1
90089,2023,0.11729813613447423,1
90090,2023,0.08416005515386821,0
90091,2023,0.1430032697845915,1
90093,2023,0.1430032697845915,1
90094,2023,0.1430032697845915,1
90095,2023,0.11729813613447423,1
90096,2023,0.1430032697845915,1
90099,2023,0.1430032697845915,1
90134,2023,0.1430032697845915,1
90189,2023,0.1430032697845915,1
90201,2023,0.11729813613447423,1
90202,2023,0.11729813613447423,1
90209,2023,0.08416005515386821,0
90210,2023,0.08416005515386821,0
90211,2023,0.1430032697845915,1
90212,2023,0.1430032697845915,1
90213,2023,0.08416005515386821,0
90220,2023,0.11729813613447423,1
90221,2023,0.11729813613447423,1
90222,2023,0.11729813613447423,1
90223,2023,0.11729813613447423,1
90224,2023,0.11729813613447423,1
90230,2023,0.1430032697845915,1
90231,2023,0.1430032697845915,1
90232,2023,0.1430032697845915,1
90233,2023,0.1430032697845915,1
90239,2023,0.11729813613447423,1
90240,2023,0.11729813613447423,1
90241,2023,0.11729813613447423,1
90242,2023,0.11729813613447423,1
90245,2023,0.1430032697845915,1
90247,2023,0.1430032697845915,1
90248,2023,0.1430032697845915,1
90249,2023,0.1430032697845915,1
90250,2023,0.1430032697845915,1
90251,2023,0.1430032697845915,1
90254,2023,0.1430032697845915,1
90255,2023,0.1430032697845915,1
90260,2023,0.1430032697845915,1
90261,2023,0.1430032697845915,1
90262,2023,0.11729813613447423,1
90263,2023,0.08476484128926877,0
90264,2023,0.08476484128926877,0
90265,2023,0.09597207742082371,0
90266,2023,0.1430032697845915,1
90267,2023,0.11729813613447423,1
90270,2023,0.1430032697845915,1
90272,2023,0.11048992325386024,1
90274,2023,0.1430032697845915,1
90275,2023,0.1430032697845915,1
90277,2023,0.1430032697845915,1
90278,2023,0.1430032697845915,1
90280,2023,0.11729813613447423,1
90290,2023,0.13727820779115302,1
90291,2023,0.1430032697845915,1
90292,2023,0.1430032697845915,1
90293,2023,0.1430032697845915,1
90294,2023,0.1430032697845915,1
90295,2023,0.11729813613447423,1
90296,2023,0.11729813613447423,1
90301,2023,0.1430032697845915,1
90302,2023,0.1430032697845915,1
90303,2023,0.1430032697845915,1
90304,2023,0.1430032697845915,1
90305,2023,0.1430032697845915,1
90306,2023,0.1430032697845915,1
90307,2023,0.11729813613447423,1
90308,2023,0.1430032697845915,1
90309,2023,0.11729813613447423,1
90310,2023,0.11729813613447423,1
90311,2023,0.1430032697845915,1
90312,2023,0.1430032697845915,1
90401,2023,0.1430032697845915,1
90402,2023,0.1430032697845915,1
90403,2023,0.1430032697845915,1
90404,2023,0.1430032697845915,1
90405,2023,0.1430032697845915,1
90406,2023,0.1430032697845915,1
90407,2023,0.1430032697845915,1
90408,2023,0.1430032697845915,1
90409,2023,0.1430032697845915,1
90410,2023,0.1430032697845915,1
90411,2023,0.1430032697845915,1
90501,2023,0.1430032697845915,1
90502,2023,0.11729813613447423,1
90503,2023,0.1430032697845915,1
90504,2023,0.1430032697845915,1
90505,2023,0.1430032697845915,1
90506,2023,0.11729813613447423,1
90507,2023,0.11729813613447423,1
90508,2023,0.11729813613447423,1
90509,2023,0.11729813613447423,1
90510,2023,0.11729813613447423,1
90601,2023,0.11038138890567463,1
90602,2023,0.14319161792492915,1
90603,2023,0.11729813613447423,1
90604,2023,0.11729813613447423,1
90605,2023,0.11729813613447423,1
90606,2023,0.11729813613447423,1
90607,2023,0.11729813613447423,1
90608,2023,0.11729813613447423,1
90609,2023,0.11729813613447423,1
90610,2023,0.11729813613447423,1
90620,2023,0.11729813613447423,1
90621,2023,0.11729813613447423,1
90622,2023,0.11729813613447423,1
90623,2023,0.11729813613447423,1
90624,2023,0.11729813613447423,1
90630,2023,0.11729813613447423,1
90631,2023,0.139239659661061,1
90632,2023,0.11729813613447423,1
90633,2023,0.11729813613447423,1
90637,2023,0.11729813613447423,1
90638,2023,0.11729813613447423,1
90639,2023,0.11729813613447423,1
90640,2023,0.11729813613447423,1
90650,2023,0.11729813613447423,1
90651,2023,0.11729813613447423,1
90652,2023,0.11729813613447423,1
90660,2023,0.11729813613447423,1
90661,2023,0.11729813613447423,1
90662,2023,0.11729813613447423,1
90670,2023,0.11729813613447423,1
90671,2023,0.11729813613447423,1
90680,2023,0.11729813613447423,1
90701,2023,0.11729813613447423,1
90702,2023,0.11729813613447423,1
90703,2023,0.11729813613447423,1
90704,2023,0.12629930768220693,1
90706,2023,0.11729813613447423,1
90707,2023,0.11729813613447423,1
90710,2023,0.11729813613447423,1
90711,2023,0.11729813613447423,1
90712,2023,0.11729813613447423,1
90713,2023,0.11729813613447423,1
90714,2023,0.11729813613447423,1
90715,2023,0.11729813613447423,1
90716,2023,0.11729813613447423,1
90717,2023,0.11729813613447423,1
90720,2023,0.11729813613447423,1
90721,2023,0.11729813613447423,1
90723,2023,0.11729813613447423,1
90731,2023,0.11729813613447423,1
90732,2023,0.11729813613447423,1
90733,2023,0.11729813613447423,1
90734,2023,0.11729813613447423,1
90740,2023,0.11729813613447423,1
90742,2023,0.11729813613447423,1
90743,2023,0.11729813613447423,1
90744,2023,0.11729813613447423,1
90745,2023,0.11729813613447423,1
90746,2023,0.11729813613447423,1
90747,2023,0.11729813613447423,1
90748,2023,0.11729813613447423,1
90749,2023,0.11729813613447423,1
90755,2023,0.11729813613447423,1
90801,2023,0.11729813613447423,1
90802,2023,0.11729813613447423,1
90803,2023,0.11729813613447423,1
90804,2023,0.11729813613447423,1
90805,2023,0.11729813613447423,1
90806,2023,0.11729813613447423,1
90807,2023,0.11729813613447423,1
90808,2023,0.11729813613447423,1
90809,2023,0.11729813613447423,1
90810,2023,0.11729813613447423,1
90813,2023,0.11729813613447423,1
90814,2023,0.11729813613447423,1
90815,2023,0.11729813613447423,1
90822,2023,0.11729813613447423,1
90831,2023,0.11729813613447423,1
90832,2023,0.11729813613447423,1
90833,2023,0.11729813613447423,1
90834,2023,0.11729813613447423,1
90835,2023,0.11729813613447423,1
90840,2023,0.11729813613447423,1
90842,2023,0.11729813613447423,1
90844,2023,0.11729813613447423,1
90846,2023,0.11729813613447423,1
90847,2023,0.11729813613447423,1
90848,2023,0.11729813613447423,1
90853,2023,0.11729813613447423,1
90895,2023,0.11729813613447423,1
90899,2023,0.11729813613447423,1
91001,2023,0.08416005515386821,0
91003,2023,0.08416005515386821,0
91006,2023,0.08416005515386821,0
91007,2023,0.08416005515386821,0
91008,2023,0.08416005515386821,0
91009,2023,0.08416005515386821,0
91010,2023,0.08416005515386821,0
91011,2023,0.08416005515386821,0
91012,2023,0.08416005515386821,0
91016,2023,0.08416005515386821,0
91017,2023,0.08416005515386821,0
91020,2023,0.08416005515386821,0
91021,2023,0.08416005515386821,0
91023,2023,0.08416005515386821,0
91024,2023,0.08416005515386821,0
91025,2023,0.08416005515386821,0
91030,2023,0.08416005515386821,0
91031,2023,0.08416005515386821,0
91040,2023,0.08416005515386821,0
91041,2023,0.08416005515386821,0
91042,2023,0.08416005515386821,0
91043,2023,0.08416005515386821,0
91046,2023,0.08416005515386821,0
91066,2023,0.08416005515386821,0
91077,2023,0.08416005515386821,0
91101,2023,0.08416005515386821,0
91102,2023,0.08416005515386821,0
91103,2023,0.08416005515386821,0
91104,2023,0.08416005515386821,0
91105,2023,0.08416005515386821,0
91106,2023,0.08416005515386821,0
91107,2023,0.08416005515386821,0
91108,2023,0.08416005515386821,0
91109,2023,0.08416005515386821,0
91110,2023,0.08416005515386821,0
91114,2023,0.08416005515386821,0
91115,2023,0.08416005515386821,0
91116,2023,0.08416005515386821,0
91117,2023,0.08416005515386821,0
91118,2023,0.08416005515386821,0
91121,2023,0.08416005515386821,0
91123,2023,0.08416005515386821,0
91124,2023,0.08416005515386821,0
91125,2023,0.08416005515386821,0
91126,2023,0.08416005515386821,0
91129,2023,0.08416005515386821,0
91182,2023,0.08416005515386821,0
91184,2023,0.08416005515386821,0
91185,2023,0.08416005515386821,0
91188,2023,0.08416005515386821,0
91189,2023,0.08416005515386821,0
91199,2023,0.08416005515386821,0
91201,2023,0.08416005515386821,0
91202,2023,0.08416005515386821,0
91203,2023,0.08416005515386821,0
91204,2023,0.08416005515386821,0
91205,2023,0.08416005515386821,0
91206,2023,0.08416005515386821,0
91207,2023,0.08416005515386821,0
91208,2023,0.08416005515386821,0
91209,2023,0.08416005515386821,0
91210,2023,0.08416005515386821,0
91214,2023,0.08416005515386821,0
91221,2023,0.08416005515386821,0
91222,2023,0.08416005515386821,0
91224,2023,0.08416005515386821,0
91225,2023,0.08416005515386821,0
91226,2023,0.08416005515386821,0
91301,2023,0.09650677615834945,0
91302,2023,0.1122134845551691,1
91303,2023,0.08416005515386821,0
91304,2023,0.08416005515386821,0
91305,2023,0.08416005515386821,0
91306,2023,0.08416005515386821,0
91307,2023,0.08416005515386821,0
91308,2023,0.08416005515386821,0
91309,2023,0.08416005515386821,0
91310,2023,0.07499861589148615,0
91311,2023,0.09659274048772822,0
91313,2023,0.08416005515386821,0
91316,2023,0.08416005515386821,0
91319,2023,0.08476484128926877,0
91320,2023,0.10498635739660933,1
91321,2023,0.12353021271954592,1
91322,2023,0.08416005515386821,0
91324,2023,0.08416005515386821,0
91325,2023,0.08416005515386821,0
91326,2023,0.08416005515386821,0
91327,2023,0.08416005515386821,0
91328,2023,0.08416005515386821,0
91329,2023,0.08416005515386821,0
91330,2023,0.08416005515386821,0
91331,2023,0.08416005515386821,0
91333,2023,0.08416005515386821,0
91334,2023,0.08416005515386821,0
91335,2023,0.08416005515386821,0
91337,2023,0.08416005515386821,0
91340,2023,0.08416005515386821,0
91341,2023,0.08416005515386821,0
91342,2023,0.08416005515386821,0
91343,2023,0.08416005515386821,0
91344,2023,0.09826195824977133,0
91345,2023,0.08416005515386821,0
91346,2023,0.08416005515386821,0
91350,2023,0.08416005515386821,0
91351,2023,0.08416005515386821,0
91352,2023,0.08416005515386821,0
91353,2023,0.08416005515386821,0
91354,2023,0.08416005515386821,0
91355,2023,0.1322160804784714,1
91356,2023,0.08416005515386821,0
91357,2023,0.08416005515386821,0
91358,2023,0.08476484128926877,0
91359,2023,0.08476484128926877,0
91360,2023,0.11060394953066849,1
91361,2023,0.11385676856087837,1
91362,2023,0.0991280688581286,0
91364,2023,0.12992071512519782,1
91365,2023,0.08416005515386821,0
91367,2023,0.08416005515386821,0
91371,2023,0.08416005515386821,0
91372,2023,0.08416005515386821,0
91376,2023,0.08476484128926877,0
91377,2023,0.10961801711102306,1
91380,2023,0.08416005515386821,0
91381,2023,0.12399637614893706,1
91382,2023,0.08416005515386821,0
91383,2023,0.08416005515386821,0
91384,2023,0.10433073451446104,1
91385,2023,0.08416005515386821,0
91386,2023,0.08416005515386821,0
91387,2023,0.09826195824977133,0
91390,2023,0.11478329213625182,1
91392,2023,0.08416005515386821,0
91393,2023,0.08416005515386821,0
91394,2023,0.08416005515386821,0
91395,2023,0.08416005515386821,0
91396,2023,0.08416005515386821,0
91401,2023,0.08416005515386821,0
91402,2023,0.08416005515386821,0
91403,2023,0.08416005515386821,0
91404,2023,0.08416005515386821,0
91405,2023,0.08416005515386821,0
91406,2023,0.08416005515386821,0
91407,2023,0.08416005515386821,0
91408,2023,0.08416005515386821,0
91409,2023,0.08416005515386821,0
91410,2023,0.08416005515386821,0
91411,2023,0.08416005515386821,0
91412,2023,0.08416005515386821,0
91413,2023,0.08416005515386821,0
91416,2023,0.08416005515386821,0
91423,2023,0.08416005515386821,0
91426,2023,0.08416005515386821,0
91436,2023,0.08416005515386821,0
91470,2023,0.08416005515386821,0
91482,2023,0.08416005515386821,0
91495,2023,0.08416005515386821,0
91496,2023,0.08416005515386821,0
91499,2023,0.08416005515386821,0
91501,2023,0.08416005515386821,0
91502,2023,0.08416005515386821,0
91503,2023,0.08416005515386821,0
91504,2023,0.08416005515386821,0
91505,2023,0.08416005515386821,0
91506,2023,0.08416005515386821,0
91507,2023,0.08416005515386821,0
91508,2023,0.08416005515386821,0
91510,2023,0.08416005515386821,0
91521,2023,0.08416005515386821,0
91522,2023,0.08416005515386821,0
91523,2023,0.08416005515386821,0
91526,2023,0.08416005515386821,0
91601,2023,0.08416005515386821,0
91602,2023,0.08416005515386821,0
91603,2023,0.08416005515386821,0
91604,2023,0.08416005515386821,0
91605,2023,0.08416005515386821,0
91606,2023,0.08416005515386821,0
91607,2023,0.08416005515386821,0
91608,2023,0.08416005515386821,0
91609,2023,0.08416005515386821,0
91610,2023,0.11729813613447423,1
91611,2023,0.08416005515386821,0
91612,2023,0.08416005515386821,0
91614,2023,0.08416005515386821,0
91615,2023,0.08416005515386821,0
91616,2023,0.08416005515386821,0
91617,2023,0.08416005515386821,0
91618,2023,0.08416005515386821,0
91701,2023,0.09211409440815962,0
91702,2023,0.09087438618526326,0
91706,2023,0.11729813613447423,1
91708,2023,0.09211409440815962,0
91709,2023,0.10477930032699304,1
91710,2023,0.09211409440815962,0
91711,2023,0.09211409440815962,0
91714,2023,0.11729813613447423,1
91715,2023,0.11729813613447423,1
91716,2023,0.11729813613447423,1
91722,2023,0.11729813613447423,1
91723,2023,0.11729813613447423,1
91724,2023,0.11729813613447423,1
91729,2023,0.09211409440815962,0
91730,2023,0.09211409440815962,0
91731,2023,0.11729813613447423,1
91732,2023,0.11729813613447423,1
91733,2023,0.11729813613447423,1
91734,2023,0.11729813613447423,1
91735,2023,0.11729813613447423,1
91737,2023,0.09211409440815962,0
91739,2023,0.09211409440815962,0
91740,2023,0.11729813613447423,1
91741,2023,0.0902911871258242,0
91743,2023,0.09211409440815962,0
91744,2023,0.11729813613447423,1
91745,2023,0.13832063592187413,1
91746,2023,0.11729813613447423,1
91747,2023,0.11729813613447423,1
91748,2023,0.13777384445441837,1
91749,2023,0.11729813613447423,1
91750,2023,0.11729813613447423,1
91752,2023,0.09211409440815962,0
91754,2023,0.11729813613447423,1
91755,2023,0.11729813613447423,1
91756,2023,0.08416005515386821,0
91758,2023,0.09211409440815962,0
91759,2023,0.13457838653294407,1
91761,2023,0.09211409440815962,0
91762,2023,0.09211409440815962,0
91763,2023,0.09211409440815962,0
91764,2023,0.09211409440815962,0
91765,2023,0.14141712569893594,1
91766,2023,0.11729813613447423,1
91767,2023,0.11729813613447423,1
91768,2023,0.11729813613447423,1
91769,2023,0.11729813613447423,1
91770,2023,0.11729813613447423,1
91771,2023,0.08416005515386821,0
91772,2023,0.08416005515386821,0
91773,2023,0.11716046633114363,1
91775,2023,0.08416005515386821,0
91776,2023,0.08416005515386821,0
91778,2023,0.08416005515386821,0
91780,2023,0.08416005515386821,0
91784,2023,0.09211409440815962,0
91785,2023,0.09211409440815962,0
91786,2023,0.09211409440815962,0
91788,2023,0.11729813613447423,1
91789,2023,0.12960304640155149,1
91790,2023,0.11729813613447423,1
91791,2023,0.11729813613447423,1
91792,2023,0.11729813613447423,1
91793,2023,0.11729813613447423,1
91801,2023,0.08416005515386821,0
91802,2023,0.08416005515386821,0
91803,2023,0.08416005515386821,0
91804,2023,0.08416005515386821,0
91896,2023,0.08416005515386821,0
91899,2023,0.08416005515386821,0
91901,2023,0.12585958181099233,1
91902,2023,0.15148684614184696,1
91903,2023,0.10287470103769336,1
91905,2023,0.12933774102456405,1
91906,2023,0.10324374890427875,1
91908,2023,0.17174514241303462,1
91909,2023,0.17174514241303462,1
91910,2023,0.17174514241303462,1
91911,2023,0.12812086267700099,1
91912,2023,0.17174514241303462,1
91913,2023,0.17174514241303462,1
91914,2023,0.12870368041755614,1
91915,2023,0.17174514241303462,1
91916,2023,0.10465740781756228,1
91917,2023,0.11591061215953836,1
91921,2023,0.17174514241303462,1
91931,2023,0.10287470103769336,1
91932,2023,0.17174514241303462,1
91933,2023,0.17174514241303462,1
91934,2023,0.11281637659030104,1
91935,2023,0.12690145204183617,1
91941,2023,0.17174514241303462,1
91942,2023,0.10287470103769336,1
91943,2023,0.17174514241303462,1
91944,2023,0.17174514241303462,1
91945,2023,0.17174514241303462,1
91946,2023,0.17174514241303462,1
91948,2023,0.1260677091457967,1
91950,2023,0.17174514241303462,1
91951,2023,0.17174514241303462,1
91962,2023,0.10287470103769336,1
91963,2023,0.17174514241303462,1
91976,2023,0.17174514241303462,1
91977,2023,0.17174514241303462,1
91978,2023,0.1373419943321003,1
91979,2023,0.17174514241303462,1
91980,2023,0.17174514241303462,1
91987,2023,0.17174514241303462,1
92003,2023,0.10287470103769336,1
92004,2023,0.11281637659030104,1
92007,2023,0.10287470103769336,1
92008,2023,0.10287470103769336,1
92009,2023,0.10287470103769336,1
92010,2023,0.10287470103769336,1
92011,2023,0.10287470103769336,1
92013,2023,0.10287470103769336,1
92014,2023,0.10287470103769336,1
92018,2023,0.10287470103769336,1
92019,2023,0.12100632835610911,1
92020,2023,0.10287470103769336,1
92021,2023,0.10287470103769336,1
92022,2023,0.10287470103769336,1
92023,2023,0.10287470103769336,1
92024,2023,0.10287470103769336,1
92025,2023,0.10287470103769336,1
92026,2023,0.10287470103769336,1
92027,2023,0.10449359348800694,1
92028,2023,0.159169883095204,1
92029,2023,0.10287470103769336,1
92030,2023,0.10287470103769336,1
92033,2023,0.10287470103769336,1
92036,2023,0.11642128279250684,1
92037,2023,0.10287470103769336,1
92038,2023,0.10287470103769336,1
92039,2023,0.10287470103769336,1
92040,2023,0.09921272041261579,0
92046,2023,0.10287470103769336,1
92049,2023,0.10287470103769336,1
92051,2023,0.10287470103769336,1
92052,2023,0.10287470103769336,1
92054,2023,0.10287470103769336,1
92055,2023,0.10667617632201697,1
92056,2023,0.10287470103769336,1
92057,2023,0.10287470103769336,1
92058,2023,0.10572944873577882,1
92059,2023,0.0975035318466806,0
92060,2023,0.10287470103769336,1
92061,2023,0.10002090164625266,1
92064,2023,0.10287470103769336,1
92065,2023,0.14054372965858028,1
92066,2023,0.10287470103769336,1
92067,2023,0.10287470103769336,1
92068,2023,0.10287470103769336,1
92069,2023,0.10287470103769336,1
92070,2023,0.10494595336223585,1
92071,2023,0.10287470103769336,1
92072,2023,0.10287470103769336,1
92074,2023,0.10287470103769336,1
92075,2023,0.10287470103769336,1
92078,2023,0.10287470103769336,1
92079,2023,0.10287470103769336,1
92081,2023,0.10287470103769336,1
92082,2023,0.10628769550055107,1
92083,2023,0.10287470103769336,1
92084,2023,0.10287470103769336,1
92085,2023,0.10287470103769336,1
92086,2023,0.10479555462883042,1
92088,2023,0.10287470103769336,1
92091,2023,0.10287470103769336,1
92092,2023,0.10287470103769336,1
92093,2023,0.10287470103769336,1
92096,2023,0.10287470103769336,1
92101,2023,0.17174514241303462,1
92102,2023,0.17174514241303462,1
92103,2023,0.17174514241303462,1
92104,2023,0.17174514241303462,1
92105,2023,0.17174514241303462,1
92106,2023,0.17174514241303462,1
92107,2023,0.17174514241303462,1
92108,2023,0.17174514241303462,1
92109,2023,0.17174514241303462,1
92110,2023,0.17174514241303462,1
92111,2023,0.17174514241303462,1
92112,2023,0.17174514241303462,1
92113,2023,0.17174514241303462,1
92114,2023,0.17174514241303462,1
92115,2023,0.17174514241303462,1
92116,2023,0.17174514241303462,1
92117,2023,0.10287470103769336,1
92118,2023,0.17174514241303462,1
92119,2023,0.10287470103769336,1
92120,2023,0.10287470103769336,1
92121,2023,0.10287470103769336,1
92122,2023,0.10287470103769336,1
92123,2023,0.10287470103769336,1
92124,2023,0.10287470103769336,1
92126,2023,0.10287470103769336,1
92127,2023,0.10287470103769336,1
92128,2023,0.10287470103769336,1
92129,2023,0.10287470103769336,1
92130,2023,0.10287470103769336,1
92131,2023,0.10287470103769336,1
92132,2023,0.17174514241303462,1
92134,2023,0.17174514241303462,1
92135,2023,0.17174514241303462,1
92136,2023,0.17174514241303462,1
92137,2023,0.10287470103769336,1
92138,2023,0.17174514241303462,1
92139,2023,0.17174514241303462,1
92140,2023,0.17174514241303462,1
92142,2023,0.17174514241303462,1
92143,2023,0.10287470103769336,1
92145,2023,0.10287470103769336,1
92147,2023,0.17174514241303462,1
92149,2023,0.17174514241303462,1
92150,2023,0.17174514241303462,1
92152,2023,0.17174514241303462,1
92153,2023,0.17174514241303462,1
92154,2023,0.15981294928223838,1
92155,2023,0.17174514241303462,1
92158,2023,0.17174514241303462,1
92159,2023,0.17174514241303462,1
92160,2023,0.17174514241303462,1
92161,2023,0.10287470103769336,1
92163,2023,0.17174514241303462,1
92165,2023,0.17174514241303462,1
92166,2023,0.17174514241303462,1
92167,2023,0.17174514241303462,1
92168,2023,0.17174514241303462,1
92169,2023,0.17174514241303462,1
92170,2023,0.17174514241303462,1
92171,2023,0.17174514241303462,1
92172,2023,0.17174514241303462,1
92173,2023,0.17174514241303462,1
92174,2023,0.17174514241303462,1
92175,2023,0.17174514241303462,1
92176,2023,0.17174514241303462,1
92177,2023,0.17174514241303462,1
92178,2023,0.17174514241303462,1
92179,2023,0.17174514241303462,1
92182,2023,0.17174514241303462,1
92186,2023,0.17174514241303462,1
92187,2023,0.17174514241303462,1
92190,2023,0.17174514241303462,1
92191,2023,0.17174514241303462,1
92192,2023,0.17174514241303462,1
92193,2023,0.17174514241303462,1
92195,2023,0.17174514241303462,1
92196,2023,0.17174514241303462,1
92197,2023,0.17174514241303462,1
92198,2023,0.17174514241303462,1
92199,2023,0.17174514241303462,1
92201,2023,0.07427587457342591,0
92202,2023,0.07427587457342591,0
92203,2023,0.07427587457342591,0
92210,2023,0.07427587457342591,0
92211,2023,0.07427587457342591,0
92220,2023,0.1132790410194712,1
92222,2023,0.11281637659030104,1
92223,2023,0.09211409440815962,0
92225,2023,0.11368501570211148,1
92226,2023,0.11281637659030104,1
92227,2023,0.11569868585187407,1
92230,2023,0.09211409440815962,0
92231,2023,0.133299356710294,1
92232,2023,0.11281637659030104,1
92233,2023,0.11281637659030104,1
92234,2023,0.07427587457342591,0
92235,2023,0.07427587457342591,0
92236,2023,0.07427587457342591,0
92239,2023,0.07427587457342591,0
92240,2023,0.07427587457342591,0
92241,2023,0.07427587457342591,0
92242,2023,0.1041656619940056,1
92243,2023,0.11281637659030104,1
92244,2023,0.11281637659030104,1
92247,2023,0.07427587457342591,0
92248,2023,0.07427587457342591,0
92249,2023,0.11281637659030104,1
92250,2023,0.12515551894527183,1
92251,2023,0.11281637659030104,1
92252,2023,0.07427587457342591,0
92253,2023,0.07427587457342591,0
92254,2023,0.08714604963095351,0
92255,2023,0.07427587457342591,0
92256,2023,0.07427587457342591,0
92257,2023,0.1313125559955607,1
92258,2023,0.07427587457342591,0
92259,2023,0.1247462258408812,1
92260,2023,0.07427587457342591,0
92261,2023,0.07427587457342591,0
92262,2023,0.10012126405358537,1
92263,2023,0.09211409440815962,0
92264,2023,0.09445472795392101,0
92266,2023,0.11281637659030104,1
92267,2023,0.12225733619255211,1
92268,2023,0.07427587457342591,0
92270,2023,0.07427587457342591,0
92273,2023,0.11281637659030104,1
92274,2023,0.08482249760049985,0
92275,2023,0.11281637659030104,1
92276,2023,0.07427587457342591,0
92277,2023,0.07427587457342591,0
92278,2023,0.07427587457342591,0
92280,2023,0.1041656619940056,1
92281,2023,0.11281637659030104,1
92282,2023,0.08018082507878513,0
92283,2023,0.1328118766877933,1
92284,2023,0.0772714924617781,0
92285,2023,0.07427587457342591,0
92286,2023,0.07427587457342591,0
92301,2023,0.08361264755401097,0
92304,2023,0.07427587457342591,0
92305,2023,0.0811161199358381,0
92307,2023,0.08240416665172723,0
92308,2023,0.09211409440815962,0
92309,2023,0.0878774226089085,0
92310,2023,0.0878774226089085,0
92311,2023,0.0878774226089085,0
92312,2023,0.0878774226089085,0
92313,2023,0.09211409440815962,0
92314,2023,0.09727741965564393,0
92315,2023,0.09211409440815962,0
92316,2023,0.09211409440815962,0
92317,2023,0.09211409440815962,0
92318,2023,0.09211409440815962,0
92320,2023,0.12596220507832195,1
92321,2023,0.09211409440815962,0
92322,2023,0.09211409440815962,0
92323,2023,0.1041656619940056,1
92324,2023,0.09211409440815962,0
92325,2023,0.09211409440815962,0
92327,2023,0.0878774226089085,0
92328,2023,0.14263284950336638,1
92329,2023,0.09646283378170849,0
92331,2023,0.09211409440815962,0
92332,2023,0.07927273067614007,0
92333,2023,0.09211409440815962,0
92334,2023,0.09211409440815962,0
92335,2023,0.09211409440815962,0
92336,2023,0.15437255735524197,1
92337,2023,0.09211409440815962,0
92338,2023,0.07427587457342591,0
92339,2023,0.08134586714678198,0
92340,2023,0.09211409440815962,0
92341,2023,0.09211409440815962,0
92342,2023,0.08361264755401097,0
92344,2023,0.09272706194333377,0
92345,2023,0.1005105424924245,1
92346,2023,0.08651840969059242,0
92347,2023,0.0878774226089085,0
92350,2023,0.09211409440815962,0
92352,2023,0.09211409440815962,0
92354,2023,0.09211409440815962,0
92356,2023,0.1331252327101992,1
92357,2023,0.09211409440815962,0
92358,2023,0.0999515628943979,0
92359,2023,0.12035185670776684,1
92363,2023,0.1041656619940056,1
92364,2023,0.10366622788733584,1
92365,2023,0.0878774226089085,0
92366,2023,0.0989549723064196,0
92368,2023,0.08361264755401097,0
92369,2023,0.09211409440815962,0
92371,2023,0.09646283378170849,0
92372,2023,0.09646283378170849,0
92373,2023,0.13005801553473773,1
92374,2023,0.09211409440815962,0
92375,2023,0.09211409440815962,0
92376,2023,0.09211409440815962,0
92377,2023,0.09211409440815962,0
92378,2023,0.09211409440815962,0
92382,2023,0.08150790579107192,0
92384,2023,0.14263284950336638,1
92385,2023,0.09211409440815962,0
92386,2023,0.09211409440815962,0
92389,2023,0.10377878493708083,1
92391,2023,0.09211409440815962,0
92392,2023,0.09646283378170849,0
92393,2023,0.08361264755401097,0
92394,2023,0.08361264755401097,0
92395,2023,0.09211409440815962,0
92397,2023,0.0860099154624696,0
92398,2023,0.0878774226089085,0
92399,2023,0.09211409440815962,0
92401,2023,0.09211409440815962,0
92402,2023,0.09211409440815962,0
92403,2023,0.09211409440815962,0
92404,2023,0.08819595314288803,0
92405,2023,0.09211409440815962,0
92406,2023,0.09211409440815962,0
92407,2023,0.09431336516868866,0
92408,2023,0.09211409440815962,0
92410,2023,0.09211409440815962,0
92411,2023,0.09211409440815962,0
92413,2023,0.09211409440815962,0
92415,2023,0.09211409440815962,0
92418,2023,0.09211409440815962,0
92423,2023,0.09211409440815962,0
92427,2023,0.09211409440815962,0
92501,2023,0.09211409440815962,0
92502,2023,0.09211409440815962,0
92503,2023,0.14571825851548012,1
92504,2023,0.09211409440815962,0
92505,2023,0.09211409440815962,0
92506,2023,0.09211409440815962,0
92507,2023,0.09211409440815962,0
92508,2023,0.09211409440815962,0
92509,2023,0.12596220507832195,1
92513,2023,0.09211409440815962,0
92514,2023,0.09211409440815962,0
92515,2023,0.09211409440815962,0
92516,2023,0.09211409440815962,0
92517,2023,0.09211409440815962,0
92518,2023,0.09211409440815962,0
92519,2023,0.09211409440815962,0
92521,2023,0.09211409440815962,0
92522,2023,0.09211409440815962,0
92530,2023,0.09207976616725715,0
92531,2023,0.09211409440815962,0
92532,2023,0.09211409440815962,0
92536,2023,0.09211409440815962,0
92539,2023,0.13999854159319983,1
92543,2023,0.14654674352522487,1
92544,2023,0.16882997050080528,1
92545,2023,0.09211409440815962,0
92546,2023,0.09211409440815962,0
92548,2023,0.09211409440815962,0
92549,2023,0.10165842713191658,1
92551,2023,0.09211409440815962,0
92552,2023,0.09211409440815962,0
92553,2023,0.09211409440815962,0
92554,2023,0.09211409440815962,0
92555,2023,0.09954489365537078,0
92556,2023,0.09211409440815962,0
92557,2023,0.09211409440815962,0
92561,2023,0.08865334187274565,0
92562,2023,0.0936805188412789,0
92563,2023,0.09211409440815962,0
92564,2023,0.09211409440815962,0
92567,2023,0.09211409440815962,0
92570,2023,0.12061911850547802,1
92571,2023,0.09211409440815962,0
92572,2023,0.09211409440815962,0
92581,2023,0.09211409440815962,0
92582,2023,0.12573886172732962,1
92583,2023,0.08401111706880737,0
92584,2023,0.09211409440815962,0
92585,2023,0.09211409440815962,0
92586,2023,0.09211409440815962,0
92587,2023,0.09211409440815962,0
92589,2023,0.09211409440815962,0
92590,2023,0.09211409440815962,0
92591,2023,0.09211409440815962,0
92592,2023,0.09211409440815962,0
92593,2023,0.09211409440815962,0
92595,2023,0.09211409440815962,0
92596,2023,0.11609279508008088,1
92599,2023,0.09211409440815962,0
92602,2023,0.10473058496734819,1
92603,2023,0.14248556262494996,1
92604,2023,0.11729813613447423,1
92605,2023,0.11729813613447423,1
92606,2023,0.11729813613447423,1
92607,2023,0.11729813613447423,1
92609,2023,0.11729813613447423,1
92610,2023,0.09211409440815962,0
92612,2023,0.13053745991930515,1
92614,2023,0.11729813613447423,1
92615,2023,0.11729813613447423,1
92616,2023,0.11729813613447423,1
92617,2023,0.11729813613447423,1
92618,2023,0.14232846975040497,1
92619,2023,0.11729813613447423,1
92620,2023,0.11729813613447423,1
92623,2023,0.11729813613447423,1
92624,2023,0.11729813613447423,1
92625,2023,0.11729813613447423,1
92626,2023,0.11729813613447423,1
92627,2023,0.12518282340334072,1
92628,2023,0.11729813613447423,1
92629,2023,0.11729813613447423,1
92630,2023,0.12389638353525018,1
92637,2023,0.11729813613447423,1
92646,2023,0.11729813613447423,1
92647,2023,0.11729813613447423,1
92648,2023,0.11729813613447423,1
92649,2023,0.11729813613447423,1
92650,2023,0.11729813613447423,1
92651,2023,0.09376708954700556,0
92652,2023,0.11729813613447423,1
92653,2023,0.12617959047200994,1
92654,2023,0.11729813613447423,1
92655,2023,0.11729813613447423,1
92656,2023,0.12570279725325617,1
92657,2023,0.11729813613447423,1
92658,2023,0.11729813613447423,1
92659,2023,0.11729813613447423,1
92660,2023,0.11729813613447423,1
92661,2023,0.11729813613447423,1
92662,2023,0.11729813613447423,1
92663,2023,0.11729813613447423,1
92672,2023,0.11791369965794073,1
92673,2023,0.12580928212513107,1
92674,2023,0.09211409440815962,0
92675,2023,0.14050353916404307,1
92676,2023,0.08273235645067659,0
92677,2023,0.10249277468258171,1
92678,2023,0.11888651527146778,1
92679,2023,0.08656128833472448,0
92683,2023,0.11729813613447423,1
92684,2023,0.11729813613447423,1
92685,2023,0.11729813613447423,1
92688,2023,0.09211409440815962,0
92690,2023,0.09211409440815962,0
92691,2023,0.09211409440815962,0
92692,2023,0.09211409440815962,0
92693,2023,0.11729813613447423,1
92694,2023,0.09807960922422196,0
92697,2023,0.11729813613447423,1
92698,2023,0.11729813613447423,1
92701,2023,0.11729813613447423,1
92702,2023,0.11729813613447423,1
92703,2023,0.11729813613447423,1
92704,2023,0.11729813613447423,1
92705,2023,0.11729813613447423,1
92706,2023,0.11729813613447423,1
92707,2023,0.11729813613447423,1
92708,2023,0.11729813613447423,1
92711,2023,0.11729813613447423,1
92712,2023,0.11729813613447423,1
92728,2023,0.11729813613447423,1
92735,2023,0.11729813613447423,1
92780,2023,0.11729813613447423,1
92781,2023,0.11729813613447423,1
92782,2023,0.11729813613447423,1
92799,2023,0.11729813613447423,1
92801,2023,0.11729813613447423,1
92802,2023,0.11729813613447423,1
92803,2023,0.11729813613447423,1
92804,2023,0.11729813613447423,1
92805,2023,0.11729813613447423,1
92806,2023,0.11729813613447423,1
92807,2023,0.11729813613447423,1
92808,2023,0.11729813613447423,1
92809,2023,0.11729813613447423,1
92811,2023,0.11729813613447423,1
92812,2023,0.11729813613447423,1
92814,2023,0.11729813613447423,1
92815,2023,0.11729813613447423,1
92816,2023,0.11729813613447423,1
92817,2023,0.11729813613447423,1
92821,2023,0.13629925399133383,1
92822,2023,0.11729813613447423,1
92823,2023,0.11729813613447423,1
92825,2023,0.11729813613447423,1
92831,2023,0.11729813613447423,1
92832,2023,0.11729813613447423,1
92833,2023,0.11729813613447423,1
92834,2023,0.11729813613447423,1
92835,2023,0.11729813613447423,1
92836,2023,0.11729813613447423,1
92837,2023,0.11729813613447423,1
92838,2023,0.11729813613447423,1
92840,2023,0.11729813613447423,1
92841,2023,0.11729813613447423,1
92842,2023,0.11729813613447423,1
92843,2023,0.11729813613447423,1
92844,2023,0.11729813613447423,1
92845,2023,0.11729813613447423,1
92846,2023,0.11729813613447423,1
92850,2023,0.11729813613447423,1
92856,2023,0.11729813613447423,1
92857,2023,0.11729813613447423,1
92859,2023,0.11729813613447423,1
92860,2023,0.09211409440815962,0
92861,2023,0.11729813613447423,1
92862,2023,0.11729813613447423,1
92863,2023,0.11729813613447423,1
92864,2023,0.11729813613447423,1
92865,2023,0.11729813613447423,1
92866,2023,0.11729813613447423,1
92867,2023,0.13851425864294054,1
92868,2023,0.11729813613447423,1
92869,2023,0.1435215863512841,1
92870,2023,0.11729813613447423,1
92871,2023,0.11729813613447423,1
92877,2023,0.09211409440815962,0
92878,2023,0.09211409440815962,0
92879,2023,0.09211409440815962,0
92880,2023,0.10684913185892257,1
92881,2023,0.1406291635720426,1
92882,2023,0.09211409440815962,0
92883,2023,0.1187229172271025,1
92885,2023,0.11729813613447423,1
92886,2023,0.11729813613447423,1
92887,2023,0.14000469162474452,1
92899,2023,0.11729813613447423,1
93001,2023,0.11230563480227479,1
93002,2023,0.08476484128926877,0
93003,2023,0.11466746200373841,1
93004,2023,0.11060394953066849,1
93005,2023,0.08476484128926877,0
93006,2023,0.08476484128926877,0
93007,2023,0.08476484128926877,0
93009,2023,0.08476484128926877,0
93010,2023,0.08476484128926877,0
93011,2023,0.08476484128926877,0
93012,2023,0.09262254438735865,0
93013,2023,0.08428537618243061,0
93014,2023,0.08428537618243061,0
93015,2023,0.10903020762765214,1
93016,2023,0.08476484128926877,0
93020,2023,0.08476484128926877,0
93021,2023,0.13009865464995454,1
93022,2023,0.08476484128926877,0
93023,2023,0.09382576834347774,0
93024,2023,0.08476484128926877,0
93030,2023,0.11246963348063219,1
93031,2023,0.08476484128926877,0
93032,2023,0.08476484128926877,0
93033,2023,0.08476484128926877,0
93034,2023,0.08476484128926877,0
93035,2023,0.10894381518723126,1
93036,2023,0.11225392454413771,1
93040,2023,0.08893508560335939,0
93041,2023,0.11065407010046895,1
93042,2023,0.08476484128926877,0
93043,2023,0.08476484128926877,0
93044,2023,0.08476484128926877,0
93060,2023,0.098086318416706,0
93061,2023,0.08476484128926877,0
93062,2023,0.08476484128926877,0
93063,2023,0.10718158244313397,1
93064,2023,0.08416005515386821,0
93065,2023,0.10160304470830121,1
93066,2023,0.11720496595970507,1
93067,2023,0.08428537618243061,0
93094,2023,0.08476484128926877,0
93099,2023,0.08476484128926877,0
93101,2023,0.08428537618243061,0
93102,2023,0.08428537618243061,0
93103,2023,0.08428537618243061,0
93105,2023,0.11839421082068188,1
93106,2023,0.08428537618243061,0
93107,2023,0.08428537618243061,0
93108,2023,0.08428537618243061,0
93109,2023,0.08428537618243061,0
93110,2023,0.1291186794388691,1
93111,2023,0.08428537618243061,0
93116,2023,0.08428537618243061,0
93117,2023,0.10964916705155017,1
93118,2023,0.08428537618243061,0
93120,2023,0.08428537618243061,0
93121,2023,0.08428537618243061,0
93130,2023,0.08428537618243061,0
93140,2023,0.08428537618243061,0
93150,2023,0.08428537618243061,0
93160,2023,0.08428537618243061,0
93190,2023,0.08428537618243061,0
93199,2023,0.08428537618243061,0
93201,2023,0.1352453856284269,1
93202,2023,0.08990322942474381,0
93203,2023,0.10790556491237902,1
93204,2023,0.1045141773111076,1
93205,2023,0.08622939504283944,0
93206,2023,0.0755396763327744,0
93207,2023,0.0755396763327744,0
93208,2023,0.0755396763327744,0
93210,2023,0.12428369352200375,1
93212,2023,0.08990322942474381,0
93215,2023,0.08835845071039412,0
93216,2023,0.0755396763327744,0
93218,2023,0.0755396763327744,0
93219,2023,0.14203585557584913,1
93220,2023,0.13793174520108548,1
93221,2023,0.08990322942474381,0
93222,2023,0.08495994802153874,0
93223,2023,0.08990322942474381,0
93224,2023,0.0755396763327744,0
93225,2023,0.11097402673646675,1
93226,2023,0.13562127044965558,1
93227,2023,0.08990322942474381,0
93230,2023,0.08990322942474381,0
93232,2023,0.08990322942474381,0
93234,2023,0.08990322942474381,0
93235,2023,0.0826805869761489,0
93237,2023,0.0826805869761489,0
93238,2023,0.11126058183568843,1
93239,2023,0.13812270739497362,1
93240,2023,0.1286833109599478,1
93241,2023,0.0755396763327744,0
93242,2023,0.08990322942474381,0
93243,2023,0.08498589845359839,0
93244,2023,0.0826805869761489,0
93245,2023,0.08990322942474381,0
93246,2023,0.08990322942474381,0
93247,2023,0.08990322942474381,0
93249,2023,0.1282367654122795,1
93250,2023,0.1420145821130477,1
93251,2023,0.12594510468759093,1
93252,2023,0.14174990482920638,1
93254,2023,0.12158485812326503,1
93255,2023,0.09921570547901098,0
93256,2023,0.0755396763327744,0
93257,2023,0.14593891404565804,1
93258,2023,0.0755396763327744,0
93260,2023,0.0755396763327744,0
93261,2023,0.0755396763327744,0
93262,2023,0.15104754509014273,1
93263,2023,0.1356877688415882,1
93265,2023,0.13806428160825251,1
93266,2023,0.08990322942474381,0
93267,2023,0.0755396763327744,0
93268,2023,0.12576495653762523,1
93270,2023,0.0755396763327744,0
93271,2023,0.11926784632638092,1
93272,2023,0.08990322942474381,0
93274,2023,0.08990322942474381,0
93275,2023,0.08990322942474381,0
93276,2023,0.0755396763327744,0
93277,2023,0.08990322942474381,0
93278,2023,0.08990322942474381,0
93279,2023,0.08990322942474381,0
93280,2023,0.14224172552047074,1
93282,2023,0.08990322942474381,0
93283,2023,0.14815307620265908,1
93285,2023,0.12861740056856694,1
93286,2023,0.0826805869761489,0
93287,2023,0.12368494245162909,1
93290,2023,0.08990322942474381,0
93291,2023,0.08990322942474381,0
93292,2023,0.08990322942474381,0
93301,2023,0.11666924144339438,1
93302,2023,0.0755396763327744,0
93303,2023,0.0755396763327744,0
93304,2023,0.0755396763327744,0
93305,2023,0.07553967633277463,0
93306,2023,0.13740761640899155,1
93307,2023,0.0755396763327744,0
93308,2023,0.13357149049426173,1
93309,2023,0.0755396763327744,0
93311,2023,0.13508078375304444,1
93312,2023,0.0755396763327744,0
93313,2023,0.0755396763327744,0
93314,2023,0.0755396763327744,0
93380,2023,0.0755396763327744,0
93383,2023,0.0755396763327744,0
93384,2023,0.0755396763327744,0
93385,2023,0.0755396763327744,0
93386,2023,0.0755396763327744,0
93387,2023,0.0755396763327744,0
93388,2023,0.0755396763327744,0
93389,2023,0.0755396763327744,0
93390,2023,0.0755396763327744,0
93401,2023,0.0896825394054864,0
93402,2023,0.086194407611846,0
93403,2023,0.086194407611846,0
93405,2023,0.09420642881752612,0
93406,2023,0.086194407611846,0
93407,2023,0.086194407611846,0
93408,2023,0.086194407611846,0
93409,2023,0.086194407611846,0
93410,2023,0.1279424148536651,1
93412,2023,0.086194407611846,0
93420,2023,0.10205701705376329,1
93421,2023,0.086194407611846,0
93422,2023,0.086194407611846,0
93423,2023,0.086194407611846,0
93424,2023,0.086194407611846,0
93426,2023,0.0830844626770118,0
93427,2023,0.09419976872390227,0
93428,2023,0.08570717554200892,0
93429,2023,0.086194407611846,0
93430,2023,0.09179290118256866,0
93432,2023,0.08674901286469094,0
93433,2023,0.086194407611846,0
93434,2023,0.086194407611846,0
93435,2023,0.086194407611846,0
93436,2023,0.10934633840582728,1
93437,2023,0.08195015008906056,0
93438,2023,0.08195015008906056,0
93440,2023,0.10656899833475847,1
93441,2023,0.08428537618243061,0
93442,2023,0.1270185751510765,1
93443,2023,0.086194407611846,0
93444,2023,0.10729902456396694,1
93445,2023,0.086194407611846,0
93446,2023,0.10717048187233648,1
93447,2023,0.08990322942474381,0
93448,2023,0.086194407611846,0
93449,2023,0.08558381844032331,0
93450,2023,0.07922472018258468,0
93451,2023,0.16109405572689872,1
93452,2023,0.086194407611846,0
93453,2023,0.08306895148274612,0
93454,2023,0.11535715772559348,1
93455,2023,0.10603115536837618,1
93456,2023,0.086194407611846,0
93457,2023,0.086194407611846,0
93458,2023,0.086194407611846,0
93460,2023,0.08863745238178788,0
93461,2023,0.10599710778485627,1
93463,2023,0.11810686039334335,1
93464,2023,0.08428537618243061,0
93465,2023,0.08408119410070497,0
93475,2023,0.086194407611846,0
93483,2023,0.086194407611846,0
93501,2023,0.12872365952389384,1
93502,2023,0.08361264755401097,0
93504,2023,0.08361264755401097,0
93505,2023,0.08361264755401097,0
93510,2023,0.12773619001068554,1
93512,2023,0.0956036526416173,0
93513,2023,0.11991115598878133,1
93514,2023,0.1211519360667603,1
93515,2023,0.0956036526416173,0
93516,2023,0.08361264755401097,0
93517,2023,0.1193647398150937,1
93518,2023,0.11113570862253577,1
93519,2023,0.08361264755401097,0
93522,2023,0.0956036526416173,0
93523,2023,0.08361264755401097,0
93524,2023,0.08361264755401097,0
93526,2023,0.0956036526416173,0
93527,2023,0.10395421174927241,1
93528,2023,0.08361264755401097,0
93529,2023,0.0956036526416173,0
93530,2023,0.0956036526416173,0
93531,2023,0.1023259528121185,1
93532,2023,0.08616239791200508,0
93534,2023,0.09646283378170849,0
93535,2023,0.09646283378170849,0
93536,2023,0.17336836020430196,1
93539,2023,0.09646283378170849,0
93541,2023,0.13924471051726442,1
93542,2023,0.08361264755401097,0
93543,2023,0.1232504641341346,1
93544,2023,0.11144213953509974,1
93545,2023,0.13188291688047496,1
93546,2023,0.11391218403029342,1
93549,2023,0.10980144171800854,1
93550,2023,0.16095422764306555,1
93551,2023,0.10508722917233174,1
93552,2023,0.09646283378170849,0
93553,2023,0.09646283378170849,0
93554,2023,0.08361264755401097,0
93555,2023,0.08361264755401097,0
93556,2023,0.08361264755401097,0
93558,2023,0.08361264755401097,0
93560,2023,0.09646283378170849,0
93561,2023,0.09500216302529099,0
93562,2023,0.0878774226089085,0
93563,2023,0.11345673441525046,1
93581,2023,0.07499861589148615,0
93584,2023,0.09646283378170849,0
93586,2023,0.09646283378170849,0
93590,2023,0.09646283378170849,0
93591,2023,0.09646283378170849,0
93592,2023,0.0878774226089085,0
93596,2023,0.08361264755401097,0
93599,2023,0.09646283378170849,0
93601,2023,0.0826805869761489,0
93602,2023,0.11907557157000821,1
93603,2023,0.14866069575399313,1
93604,2023,0.0826805869761489,0
93605,2023,0.09223800351239488,0
93606,2023,0.0826805869761489,0
93607,2023,0.0826805869761489,0
93608,2023,0.08990322942474381,0
93609,2023,0.08990322942474381,0
93610,2023,0.0826805869761489,0
93611,2023,0.0826805869761489,0
93612,2023,0.0826805869761489,0
93613,2023,0.0826805869761489,0
93614,2023,0.0826805869761489,0
93615,2023,0.0826805869761489,0
93616,2023,0.0826805869761489,0
93618,2023,0.0826805869761489,0
93619,2023,0.13685919899310892,1
93620,2023,0.0826805869761489,0
93621,2023,0.1452339162454831,1
93622,2023,0.09467651518861046,0
93623,2023,0.0826805869761489,0
93624,2023,0.08990322942474381,0
93625,2023,0.0826805869761489,0
93626,2023,0.1497049739433498,1
93627,2023,0.08990322942474381,0
93628,2023,0.0826805869761489,0
93630,2023,0.0826805869761489,0
93631,2023,0.0826805869761489,0
93633,2023,0.0826805869761489,0
93634,2023,0.12640802444573412,1
93635,2023,0.08796961979914501,0
93636,2023,0.0826805869761489,0
93637,2023,0.0826805869761489,0
93638,2023,0.0826805869761489,0
93639,2023,0.0826805869761489,0
93640,2023,0.08990322942474381,0
93641,2023,0.14807301786525318,1
93642,2023,0.0956036526416173,0
93643,2023,0.11952556159396988,1
93644,2023,0.11565277269730592,1
93645,2023,0.0826805869761489,0
93646,2023,0.0826805869761489,0
93647,2023,0.14585592247751344,1
93648,2023,0.0826805869761489,0
93649,2023,0.0826805869761489,0
93650,2023,0.0826805869761489,0
93651,2023,0.0943127717845029,0
93652,2023,0.0826805869761489,0
93653,2023,0.11963891243168952,1
93654,2023,0.12209231987741047,1
93656,2023,0.08990322942474381,0
93657,2023,0.14671606872681173,1
93660,2023,0.08990322942474381,0
93661,2023,0.0826805869761489,0
93662,2023,0.0826805869761489,0
93664,2023,0.0826805869761489,0
93665,2023,0.0826805869761489,0
93666,2023,0.0826805869761489,0
93667,2023,0.12180514184588481,1
93668,2023,0.08990322942474381,0
93669,2023,0.0826805869761489,0
93670,2023,0.0826805869761489,0
93673,2023,0.0826805869761489,0
93675,2023,0.14875054562978868,1
93701,2023,0.0826805869761489,0
93702,2023,0.0826805869761489,0
93703,2023,0.0826805869761489,0
93704,2023,0.0826805869761489,0
93705,2023,0.0826805869761489,0
93706,2023,0.0826805869761489,0
93707,2023,0.0826805869761489,0
93708,2023,0.0826805869761489,0
93709,2023,0.0826805869761489,0
93710,2023,0.0826805869761489,0
93711,2023,0.0826805869761489,0
93712,2023,0.0826805869761489,0
93714,2023,0.0826805869761489,0
93715,2023,0.0826805869761489,0
93716,2023,0.0826805869761489,0
93717,2023,0.0826805869761489,0
93718,2023,0.0826805869761489,0
93720,2023,0.0826805869761489,0
93721,2023,0.0826805869761489,0
93722,2023,0.0826805869761489,0
93723,2023,0.0826805869761489,0
93724,2023,0.0826805869761489,0
93725,2023,0.0826805869761489,0
93726,2023,0.0826805869761489,0
93727,2023,0.0826805869761489,0
93728,2023,0.0826805869761489,0
93729,2023,0.0826805869761489,0
93730,2023,0.0826805869761489,0
93737,2023,0.0826805869761489,0
93740,2023,0.0826805869761489,0
93741,2023,0.0826805869761489,0
93744,2023,0.0826805869761489,0
93745,2023,0.0826805869761489,0
93747,2023,0.0826805869761489,0
93750,2023,0.0826805869761489,0
93755,2023,0.0826805869761489,0
93760,2023,0.0826805869761489,0
93761,2023,0.0826805869761489,0
93764,2023,0.0826805869761489,0
93765,2023,0.0826805869761489,0
93771,2023,0.0826805869761489,0
93772,2023,0.0826805869761489,0
93773,2023,0.0826805869761489,0
93774,2023,0.0826805869761489,0
93775,2023,0.0826805869761489,0
93776,2023,0.0826805869761489,0
93777,2023,0.0826805869761489,0
93778,2023,0.0826805869761489,0
93779,2023,0.0826805869761489,0
93786,2023,0.0826805869761489,0
93790,2023,0.0826805869761489,0
93791,2023,0.0826805869761489,0
93792,2023,0.0826805869761489,0
93793,2023,0.0826805869761489,0
93794,2023,0.0826805869761489,0
93844,2023,0.0826805869761489,0
93888,2023,0.0826805869761489,0
93901,2023,0.08260806118306623,0
93902,2023,0.08260806118306623,0
93905,2023,0.08260806118306623,0
93906,2023,0.08260806118306623,0
93907,2023,0.11243105337170309,1
93908,2023,0.09058464228549902,0
93912,2023,0.08260806118306623,0
93915,2023,0.08260806118306623,0
93920,2023,0.09297264433050696,0
93921,2023,0.08138974728131165,0
93922,2023,0.08138974728131165,0
93923,2023,0.12099041165201223,1
93924,2023,0.091125670161774,0
93925,2023,0.08260806118306623,0
93926,2023,0.1068022081913731,1
93927,2023,0.08260806118306623,0
93928,2023,0.1050493974688497,1
93930,2023,0.11793622756295592,1
93932,2023,0.10754028313891349,1
93933,2023,0.08138974728131165,0
93940,2023,0.08138974728131165,0
93942,2023,0.08138974728131165,0
93943,2023,0.08138974728131165,0
93944,2023,0.08138974728131165,0
93950,2023,0.08138974728131165,0
93953,2023,0.08138974728131165,0
93954,2023,0.08260806118306623,0
93955,2023,0.08138974728131165,0
93960,2023,0.09665798630259703,0
93962,2023,0.08260806118306623,0
94002,2023,0.08296657141105539,0
94005,2023,0.1052668396974379,1
94010,2023,0.08296657141105539,0
94011,2023,0.08296657141105539,0
94014,2023,0.10848265592202118,1
94015,2023,0.08296657141105539,0
94016,2023,0.08296657141105539,0
94017,2023,0.08296657141105539,0
94018,2023,0.08296657141105539,0
94019,2023,0.08296657141105539,0
94020,2023,0.08296657141105539,0
94021,2023,0.08931796168261284,0
94022,2023,0.08609937096087218,0
94023,2023,0.08609937096087218,0
94024,2023,0.08609937096087218,0
94025,2023,0.08609937096087218,0
94026,2023,0.08296657141105539,0
94027,2023,0.08296657141105539,0
94028,2023,0.08296657141105539,0
94030,2023,0.08296657141105539,0
94035,2023,0.08609937096087218,0
94037,2023,0.08296657141105539,0
94038,2023,0.08296657141105539,0
94039,2023,0.08609937096087218,0
94040,2023,0.08609937096087218,0
94041,2023,0.08609937096087218,0
94042,2023,0.08609937096087218,0
94043,2023,0.08609937096087218,0
94044,2023,0.08296657141105539,0
94060,2023,0.08225693685431336,0
94061,2023,0.08296657141105539,0
94062,2023,0.08218688186472789,0
94063,2023,0.08296657141105539,0
94064,2023,0.08296657141105539,0
94065,2023,0.08296657141105539,0
94066,2023,0.08296657141105539,0
94070,2023,0.08296657141105539,0
94074,2023,0.08296657141105539,0
94080,2023,0.08187919702805502,0
94083,2023,0.08296657141105539,0
94085,2023,0.08609937096087218,0
94086,2023,0.08609937096087218,0
94087,2023,0.08609937096087218,0
94088,2023,0.08609937096087218,0
94089,2023,0.08609937096087218,0
94102,2023,0.08402078061132473,0
94103,2023,0.08402078061132473,0
94104,2023,0.08402078061132473,0
94105,2023,0.08402078061132473,0
94107,2023,0.08402078061132473,0
94108,2023,0.08402078061132473,0
94109,2023,0.08402078061132473,0
94110,2023,0.08296657141105539,0
94111,2023,0.08402078061132473,0
94112,2023,0.08296657141105539,0
94114,2023,0.08296657141105539,0
94115,2023,0.08402078061132473,0
94116,2023,0.08296657141105539,0
94117,2023,0.08296657141105539,0
94118,2023,0.08296657141105539,0
94119,2023,0.08402078061132473,0
94120,2023,0.08402078061132473,0
94121,2023,0.08296657141105539,0
94122,2023,0.08296657141105539,0
94123,2023,0.08402078061132473,0
94124,2023,0.08296657141105539,0
94125,2023,0.08402078061132473,0
94126,2023,0.08402078061132473,0
94127,2023,0.08296657141105539,0
94128,2023,0.08296657141105539,0
94129,2023,0.08296657141105539,0
94130,2023,0.08402078061132473,0
94131,2023,0.08296657141105539,0
94132,2023,0.08296657141105539,0
94133,2023,0.08402078061132473,0
94134,2023,0.08296657141105539,0
94137,2023,0.08402078061132473,0
94139,2023,0.08402078061132473,0
94140,2023,0.08402078061132473,0
94141,2023,0.08402078061132473,0
94142,2023,0.08402078061132473,0
94143,2023,0.08296657141105539,0
94144,2023,0.08402078061132473,0
94145,2023,0.08402078061132473,0
94146,2023,0.08402078061132473,0
94147,2023,0.08402078061132473,0
94151,2023,0.08402078061132473,0
94158,2023,0.08402078061132473,0
94159,2023,0.08402078061132473,0
94160,2023,0.08402078061132473,0
94161,2023,0.08402078061132473,0
94163,2023,0.08402078061132473,0
94164,2023,0.08402078061132473,0
94172,2023,0.08402078061132473,0
94177,2023,0.08402078061132473,0
94188,2023,0.08402078061132473,0
94203,2023,0.07398230571355684,0
94204,2023,0.07398230571355684,0
94205,2023,0.07398230571355684,0
94206,2023,0.07398230571355684,0
94207,2023,0.07398230571355684,0
94208,2023,0.07398230571355684,0
94209,2023,0.07398230571355684,0
94211,2023,0.07398230571355684,0
94229,2023,0.07398230571355684,0
94230,2023,0.07398230571355684,0
94232,2023,0.07398230571355684,0
94234,2023,0.07398230571355684,0
94235,2023,0.07398230571355684,0
94236,2023,0.07398230571355684,0
94237,2023,0.07398230571355684,0
94239,2023,0.07398230571355684,0
94240,2023,0.07398230571355684,0
94244,2023,0.07398230571355684,0
94245,2023,0.07398230571355684,0
94247,2023,0.07398230571355684,0
94248,2023,0.07398230571355684,0
94249,2023,0.07398230571355684,0
94250,2023,0.07398230571355684,0
94252,2023,0.07398230571355684,0
94254,2023,0.07398230571355684,0
94256,2023,0.07398230571355684,0
94257,2023,0.07398230571355684,0
94258,2023,0.07398230571355684,0
94259,2023,0.07398230571355684,0
94261,2023,0.07398230571355684,0
94262,2023,0.07398230571355684,0
94263,2023,0.07398230571355684,0
94267,2023,0.07398230571355684,0
94268,2023,0.07398230571355684,0
94269,2023,0.07398230571355684,0
94271,2023,0.07398230571355684,0
94273,2023,0.07398230571355684,0
94274,2023,0.07398230571355684,0
94277,2023,0.07398230571355684,0
94278,2023,0.07398230571355684,0
94279,2023,0.07398230571355684,0
94280,2023,0.07398230571355684,0
94282,2023,0.07398230571355684,0
94283,2023,0.07398230571355684,0
94284,2023,0.07398230571355684,0
94285,2023,0.07398230571355684,0
94286,2023,0.07398230571355684,0
94287,2023,0.07398230571355684,0
94288,2023,0.07398230571355684,0
94289,2023,0.07398230571355684,0
94290,2023,0.07398230571355684,0
94291,2023,0.07398230571355684,0
94293,2023,0.07398230571355684,0
94294,2023,0.07398230571355684,0
94295,2023,0.07398230571355684,0
94296,2023,0.07398230571355684,0
94297,2023,0.07398230571355684,0
94298,2023,0.07398230571355684,0
94299,2023,0.07398230571355684,0
94301,2023,0.08609937096087218,0
94302,2023,0.08609937096087218,0
94303,2023,0.08609937096087218,0
94304,2023,0.08609937096087218,0
94305,2023,0.08609937096087218,0
94306,2023,0.08609937096087218,0
94309,2023,0.08609937096087218,0
94401,2023,0.08296657141105539,0
94402,2023,0.08296657141105539,0
94403,2023,0.08296657141105539,0
94404,2023,0.08296657141105539,0
94497,2023,0.08296657141105539,0
94501,2023,0.08402078061132473,0
94502,2023,0.08402078061132473,0
94503,2023,0.08620855809097548,0
94505,2023,0.080377374566782,0
94506,2023,0.08609937096087218,0
94507,2023,0.08609937096087218,0
94508,2023,0.12068223496944289,1
94509,2023,0.09515611934603291,0
94510,2023,0.08620665280301137,0
94511,2023,0.09515611934603291,0
94512,2023,0.09515611934603291,0
94513,2023,0.11491551768219094,1
94514,2023,0.08988618533256298,0
94515,2023,0.12159986684558745,1
94516,2023,0.08402078061132473,0
94517,2023,0.12025864575214167,1
94518,2023,0.08402078061132473,0
94519,2023,0.09515611934603291,0
94520,2023,0.09515611934603291,0
94521,2023,0.09515611934603291,0
94522,2023,0.09515611934603291,0
94523,2023,0.08402078061132473,0
94524,2023,0.09515611934603291,0
94525,2023,0.09515611934603291,0
94526,2023,0.08609937096087218,0
94527,2023,0.09515611934603291,0
94528,2023,0.08609937096087218,0
94529,2023,0.09515611934603291,0
94530,2023,0.08402078061132473,0
94531,2023,0.09515611934603291,0
94533,2023,0.09874624165900757,0
94534,2023,0.10610409034754871,1
94535,2023,0.09515611934603291,0
94536,2023,0.08609937096087218,0
94537,2023,0.08609937096087218,0
94538,2023,0.08609937096087218,0
94539,2023,0.08609937096087218,0
94540,2023,0.08609937096087218,0
94541,2023,0.08609937096087218,0
94542,2023,0.08609937096087218,0
94543,2023,0.08609937096087218,0
94544,2023,0.08609937096087218,0
94545,2023,0.08609937096087218,0
94546,2023,0.08609937096087218,0
94547,2023,0.08402078061132473,0
94548,2023,0.080377374566782,0
94549,2023,0.08402078061132473,0
94550,2023,0.08876920993277712,0
94551,2023,0.0905766152455308,0
94552,2023,0.08609937096087218,0
94553,2023,0.10582920773618631,1
94555,2023,0.08609937096087218,0
94556,2023,0.08402078061132473,0
94557,2023,0.08609937096087218,0
94558,2023,0.09168367203464761,0
94559,2023,0.10796846406867892,1
94560,2023,0.08609937096087218,0
94561,2023,0.09515611934603291,0
94562,2023,0.08638596607373605,0
94563,2023,0.08402078061132473,0
94564,2023,0.08402078061132473,0
94565,2023,0.1368740407400571,1
94566,2023,0.08609937096087218,0
94567,2023,0.08074161519474159,0
94568,2023,0.08828082353716638,0
94569,2023,0.08031756546568326,0
94570,2023,0.08609937096087218,0
94571,2023,0.09515611934603291,0
94572,2023,0.08402078061132473,0
94573,2023,0.08638596607373605,0
94574,2023,0.14856437393889996,1
94575,2023,0.08609937096087218,0
94576,2023,0.08638596607373605,0
94577,2023,0.08402078061132473,0
94578,2023,0.08609937096087218,0
94579,2023,0.08609937096087218,0
94580,2023,0.08609937096087218,0
94581,2023,0.09515611934603291,0
94582,2023,0.08609937096087218,0
94583,2023,0.08609937096087218,0
94585,2023,0.09515611934603291,0
94586,2023,0.08609937096087218,0
94587,2023,0.08609937096087218,0
94588,2023,0.10201623628216672,1
94589,2023,0.09515611934603291,0
94590,2023,0.09515611934603291,0
94591,2023,0.09515611934603291,0
94592,2023,0.09515611934603291,0
94595,2023,0.08402078061132473,0
94596,2023,0.08402078061132473,0
94597,2023,0.08402078061132473,0
94598,2023,0.08402078061132473,0
94599,2023,0.08638596607373605,0
94601,2023,0.08402078061132473,0
94602,2023,0.08402078061132473,0
94603,2023,0.08402078061132473,0
94604,2023,0.08402078061132473,0
94605,2023,0.08402078061132473,0
94606,2023,0.08402078061132473,0
94607,2023,0.08402078061132473,0
94608,2023,0.08402078061132473,0
94609,2023,0.08402078061132473,0
94610,2023,0.08402078061132473,0
94611,2023,0.08402078061132473,0
94612,2023,0.08402078061132473,0
94613,2023,0.08402078061132473,0
94614,2023,0.08402078061132473,0
94615,2023,0.08402078061132473,0
94617,2023,0.08402078061132473,0
94618,2023,0.08402078061132473,0
94619,2023,0.08402078061132473,0
94620,2023,0.08402078061132473,0
94621,2023,0.08402078061132473,0
94622,2023,0.08402078061132473,0
94623,2023,0.08402078061132473,0
94624,2023,0.08402078061132473,0
94649,2023,0.08402078061132473,0
94659,2023,0.08402078061132473,0
94660,2023,0.08402078061132473,0
94661,2023,0.08402078061132473,0
94662,2023,0.08402078061132473,0
94666,2023,0.08402078061132473,0
94701,2023,0.08402078061132473,0
94702,2023,0.08402078061132473,0
94703,2023,0.08402078061132473,0
94704,2023,0.08402078061132473,0
94705,2023,0.08402078061132473,0
94706,2023,0.08402078061132473,0
94707,2023,0.08402078061132473,0
94708,2023,0.08402078061132473,0
94709,2023,0.08402078061132473,0
94710,2023,0.08402078061132473,0
94712,2023,0.08402078061132473,0
94720,2023,0.08402078061132473,0
94801,2023,0.08402078061132473,0
94802,2023,0.08402078061132473,0
94803,2023,0.08402078061132473,0
94804,2023,0.08402078061132473,0
94805,2023,0.08402078061132473,0
94806,2023,0.08402078061132473,0
94807,2023,0.08402078061132473,0
94808,2023,0.08402078061132473,0
94820,2023,0.08402078061132473,0
94850,2023,0.08402078061132473,0
94901,2023,0.11051439654921753,1
94903,2023,0.08402078061132473,0
94904,2023,0.08402078061132473,0
94912,2023,0.08402078061132473,0
94913,2023,0.08402078061132473,0
94914,2023,0.08402078061132473,0
94915,2023,0.08402078061132473,0
94920,2023,0.08402078061132473,0
94922,2023,0.07542275230130505,0
94923,2023,0.07542275230130505,0
94924,2023,0.07542275230130505,0
94925,2023,0.08402078061132473,0
94926,2023,0.09515611934603291,0
94927,2023,0.09515611934603291,0
94928,2023,0.09515611934603291,0
94929,2023,0.07542275230130505,0
94930,2023,0.08402078061132473,0
94931,2023,0.09865784200143439,0
94933,2023,0.07542275230130505,0
94937,2023,0.1672387169588901,1
94938,2023,0.16754708781149252,1
94939,2023,0.08402078061132473,0
94940,2023,0.07542275230130505,0
94941,2023,0.10692114872070078,1
94942,2023,0.08402078061132473,0
94945,2023,0.08380389290205889,0
94946,2023,0.11483375949888001,1
94947,2023,0.08402078061132473,0
94948,2023,0.09515611934603291,0
94949,2023,0.08402078061132473,0
94950,2023,0.07542275230130505,0
94951,2023,0.10919706693298453,1
94952,2023,0.0885569960788843,0
94953,2023,0.09515611934603291,0
94954,2023,0.08036555213023548,0
94955,2023,0.09515611934603291,0
94956,2023,0.10122165592064296,1
94957,2023,0.08402078061132473,0
94960,2023,0.08402078061132473,0
94963,2023,0.07542275230130505,0
94964,2023,0.08402078061132473,0
94965,2023,0.08402078061132473,0
94966,2023,0.08402078061132473,0
94970,2023,0.07542275230130505,0
94971,2023,0.07542275230130505,0
94972,2023,0.07542275230130505,0
94973,2023,0.07542275230130505,0
94974,2023,0.08402078061132473,0
94975,2023,0.09515611934603291,0
94976,2023,0.08402078061132473,0
94977,2023,0.08402078061132473,0
94978,2023,0.08402078061132473,0
94979,2023,0.08402078061132473,0
94998,2023,0.08402078061132473,0
94999,2023,0.09515611934603291,0
95001,2023,0.08138974728131165,0
95002,2023,0.08609937096087218,0
95003,2023,0.09278413058347493,0
95004,2023,0.11489238266699513,1
95005,2023,0.09465309042705997,0
95006,2023,0.12152008443073835,1
95007,2023,0.08138974728131165,0
95008,2023,0.08609937096087218,0
95009,2023,0.08609937096087218,0
95010,2023,0.08138974728131165,0
95011,2023,0.08609937096087218,0
95012,2023,0.08260806118306623,0
95013,2023,0.08609937096087218,0
95014,2023,0.08609937096087218,0
95015,2023,0.08609937096087218,0
95017,2023,0.08138974728131165,0
95018,2023,0.08138974728131165,0
95019,2023,0.08260806118306623,0
95020,2023,0.08569980771192542,0
95021,2023,0.08260806118306623,0
95023,2023,0.1153099399896128,1
95024,2023,0.08260806118306623,0
95025,2023,0.08609937096087218,0
95026,2023,0.08609937096087218,0
95030,2023,0.08609937096087218,0
95031,2023,0.08609937096087218,0
95032,2023,0.08609937096087218,0
95033,2023,0.08609937096087218,0
95035,2023,0.11707093558698561,1
95036,2023,0.08609937096087218,0
95037,2023,0.09654260037816494,0
95038,2023,0.08260806118306623,0
95039,2023,0.08260806118306623,0
95041,2023,0.08138974728131165,0
95042,2023,0.08609937096087218,0
95043,2023,0.11403609195314898,1
95044,2023,0.08609937096087218,0
95045,2023,0.08577685611510677,0
95046,2023,0.10468023923716804,1
95050,2023,0.08609937096087218,0
95051,2023,0.08609937096087218,0
95052,2023,0.08609937096087218,0
95053,2023,0.08609937096087218,0
95054,2023,0.08609937096087218,0
95055,2023,0.08609937096087218,0
95056,2023,0.08609937096087218,0
95060,2023,0.09425652969813582,0
95061,2023,0.08138974728131165,0
95062,2023,0.08138974728131165,0
95063,2023,0.08138974728131165,0
95064,2023,0.08138974728131165,0
95065,2023,0.08138974728131165,0
95066,2023,0.09257483557209496,0
95067,2023,0.08138974728131165,0
95070,2023,0.08609937096087218,0
95071,2023,0.08609937096087218,0
95073,2023,0.08138974728131165,0
95075,2023,0.08260806118306623,0
95076,2023,0.08243948512520989,0
95077,2023,0.08260806118306623,0
95101,2023,0.08609937096087218,0
95103,2023,0.08609937096087218,0
95106,2023,0.08609937096087218,0
95108,2023,0.08609937096087218,0
95109,2023,0.08609937096087218,0
95110,2023,0.08609937096087218,0
95111,2023,0.08609937096087218,0
95112,2023,0.08609937096087218,0
95113,2023,0.08609937096087218,0
95115,2023,0.08609937096087218,0
95116,2023,0.08609937096087218,0
95117,2023,0.08609937096087218,0
95118,2023,0.08609937096087218,0
95119,2023,0.08609937096087218,0
95120,2023,0.08609937096087218,0
95121,2023,0.08609937096087218,0
95122,2023,0.08609937096087218,0
95123,2023,0.08609937096087218,0
95124,2023,0.08609937096087218,0
95125,2023,0.08609937096087218,0
95126,2023,0.08609937096087218,0
95127,2023,0.08609937096087218,0
95128,2023,0.08609937096087218,0
95129,2023,0.08609937096087218,0
95130,2023,0.08609937096087218,0
95131,2023,0.08609937096087218,0
95132,2023,0.08609937096087218,0
95133,2023,0.08609937096087218,0
95134,2023,0.08609937096087218,0
95135,2023,0.08609937096087218,0
95136,2023,0.08609937096087218,0
95138,2023,0.1158715344024677,1
95139,2023,0.08609937096087218,0
95140,2023,0.08609937096087218,0
95141,2023,0.08609937096087218,0
95148,2023,0.08609937096087218,0
95150,2023,0.08609937096087218,0
95151,2023,0.08609937096087218,0
95152,2023,0.08609937096087218,0
95153,2023,0.08609937096087218,0
95154,2023,0.08609937096087218,0
95155,2023,0.08609937096087218,0
95156,2023,0.08609937096087218,0
95157,2023,0.08609937096087218,0
95158,2023,0.08609937096087218,0
95159,2023,0.08609937096087218,0
95160,2023,0.08609937096087218,0
95161,2023,0.08609937096087218,0
95164,2023,0.08609937096087218,0
95170,2023,0.08609937096087218,0
95172,2023,0.08609937096087218,0
95173,2023,0.08609937096087218,0
95190,2023,0.08609937096087218,0
95191,2023,0.08609937096087218,0
95192,2023,0.08609937096087218,0
95193,2023,0.08609937096087218,0
95194,2023,0.08609937096087218,0
95196,2023,0.08609937096087218,0
95201,2023,0.080377374566782,0
95202,2023,0.080377374566782,0
95203,2023,0.080377374566782,0
95204,2023,0.080377374566782,0
95205,2023,0.080377374566782,0
95206,2023,0.080377374566782,0
95207,2023,0.080377374566782,0
95208,2023,0.080377374566782,0
95209,2023,0.080377374566782,0
95210,2023,0.080377374566782,0
95211,2023,0.080377374566782,0
95212,2023,0.080377374566782,0
95213,2023,0.080377374566782,0
95214,2023,0.080377374566782,0
95215,2023,0.080377374566782,0
95219,2023,0.080377374566782,0
95220,2023,0.080377374566782,0
95221,2023,0.080377374566782,0
95222,2023,0.1164233456365592,1
95223,2023,0.09615077926277388,0
95224,2023,0.10120183040897485,1
95225,2023,0.13128272821838827,1
95226,2023,0.080377374566782,0
95227,2023,0.1446309023277525,1
95228,2023,0.11354405453389499,1
95229,2023,0.080377374566782,0
95230,2023,0.10626369140451901,1
95231,2023,0.080377374566782,0
95232,2023,0.080377374566782,0
95233,2023,0.080377374566782,0
95234,2023,0.080377374566782,0
95236,2023,0.10900645677052984,1
95237,2023,0.080377374566782,0
95240,2023,0.10852515945464263,1
95241,2023,0.080377374566782,0
95242,2023,0.080377374566782,0
95245,2023,0.080377374566782,0
95246,2023,0.1024051417368028,1
95247,2023,0.1014060044833754,1
95248,2023,0.080377374566782,0
95249,2023,0.080377374566782,0
95251,2023,0.11604850887200743,1
95252,2023,0.1014060044833754,1
95253,2023,0.080377374566782,0
95254,2023,0.080377374566782,0
95255,2023,0.080377374566782,0
95257,2023,0.080377374566782,0
95258,2023,0.080377374566782,0
95267,2023,0.080377374566782,0
95269,2023,0.080377374566782,0
95296,2023,0.080377374566782,0
95297,2023,0.080377374566782,0
95301,2023,0.080377374566782,0
95303,2023,0.080377374566782,0
95304,2023,0.080377374566782,0
95305,2023,0.1077598868014248,1
95306,2023,0.0826805869761489,0
95307,2023,0.080377374566782,0
95309,2023,0.080377374566782,0
95310,2023,0.080377374566782,0
95311,2023,0.1469855708933202,1
95312,2023,0.080377374566782,0
95313,2023,0.080377374566782,0
95315,2023,0.080377374566782,0
95316,2023,0.080377374566782,0
95317,2023,0.0826805869761489,0
95318,2023,0.1404565578289218,1
95319,2023,0.080377374566782,0
95320,2023,0.080377374566782,0
95321,2023,0.10087216676319939,1
95322,2023,0.08260806118306623,0
95323,2023,0.080377374566782,0
95324,2023,0.080377374566782,0
95325,2023,0.0826805869761489,0
95326,2023,0.080377374566782,0
95327,2023,0.09790902473629412,0
95328,2023,0.080377374566782,0
95329,2023,0.10635156515004175,1
95330,2023,0.080377374566782,0
95333,2023,0.0826805869761489,0
95334,2023,0.080377374566782,0
95335,2023,0.10935909957081476,1
95336,2023,0.080377374566782,0
95337,2023,0.080377374566782,0
95338,2023,0.15394396429034168,1
95340,2023,0.0826805869761489,0
95341,2023,0.13001656175588588,1
95343,2023,0.0826805869761489,0
95344,2023,0.0826805869761489,0
95345,2023,0.09224485535120237,0
95346,2023,0.080377374566782,0
95347,2023,0.080377374566782,0
95348,2023,0.080377374566782,0
95350,2023,0.080377374566782,0
95351,2023,0.080377374566782,0
95352,2023,0.080377374566782,0
95353,2023,0.080377374566782,0
95354,2023,0.080377374566782,0
95355,2023,0.080377374566782,0
95356,2023,0.080377374566782,0
95357,2023,0.080377374566782,0
95358,2023,0.15257262029212493,1
95360,2023,0.11842444988163323,1
95361,2023,0.1181874677516969,1
95363,2023,0.12951872005307802,1
95364,2023,0.15063924757090694,1
95365,2023,0.0826805869761489,0
95366,2023,0.08946883213255179,0
95367,2023,0.080377374566782,0
95368,2023,0.080377374566782,0
95369,2023,0.080377374566782,0
95370,2023,0.13357329930449083,1
95372,2023,0.080377374566782,0
95373,2023,0.080377374566782,0
95374,2023,0.080377374566782,0
95375,2023,0.1489440438905082,1
95376,2023,0.080377374566782,0
95377,2023,0.11377629527819903,1
95378,2023,0.080377374566782,0
95379,2023,0.080377374566782,0
95380,2023,0.080377374566782,0
95381,2023,0.080377374566782,0
95382,2023,0.080377374566782,0
95383,2023,0.15306020344026655,1
95385,2023,0.080377374566782,0
95386,2023,0.11049109004358026,1
95387,2023,0.080377374566782,0
95388,2023,0.080377374566782,0
95389,2023,0.13298858864106705,1
95391,2023,0.09662553735037825,0
95397,2023,0.080377374566782,0
95401,2023,0.08638596607373605,0
95402,2023,0.08638596607373605,0
95403,2023,0.12177689589330859,1
95404,2023,0.08043357058272405,0
95405,2023,0.08638596607373605,0
95406,2023,0.08638596607373605,0
95407,2023,0.08638596607373605,0
95409,2023,0.08638596607373605,0
95410,2023,0.08476197609253333,0
95412,2023,0.16012421176318323,1
95415,2023,0.09193414068876729,0
95416,2023,0.09515611934603291,0
95417,2023,0.08476197609253333,0
95418,2023,0.08476197609253333,0
95419,2023,0.07542275230130505,0
95420,2023,0.08476197609253333,0
95421,2023,0.16763308857386253,1
95422,2023,0.12178462031954898,1
95423,2023,0.1269161152109344,1
95424,2023,0.08638596607373605,0
95425,2023,0.08194778493039775,0
95426,2023,0.08638596607373605,0
95427,2023,0.08476197609253333,0
95428,2023,0.10469961683007446,1
95429,2023,0.08476197609253333,0
95430,2023,0.07542275230130505,0
95431,2023,0.09515611934603291,0
95432,2023,0.08476197609253333,0
95433,2023,0.09515611934603291,0
95435,2023,0.08638596607373605,0
95436,2023,0.08638596607373605,0
95437,2023,0.08476197609253333,0
95439,2023,0.08638596607373605,0
95441,2023,0.116251410274357,1
95442,2023,0.08638596607373605,0
95443,2023,0.12276619053664603,1
95444,2023,0.08638596607373605,0
95445,2023,0.07542275230130505,0
95446,2023,0.07542275230130505,0
95448,2023,0.1411012461444164,1
95449,2023,0.08638596607373605,0
95450,2023,0.10892637665493442,1
95451,2023,0.10724344669872625,1
95452,2023,0.08638596607373605,0
95453,2023,0.0870641356340683,0
95454,2023,0.1148067775460345,1
95456,2023,0.08476197609253333,0
95457,2023,0.08920735879874203,0
95458,2023,0.08638596607373605,0
95459,2023,0.07542275230130505,0
95460,2023,0.08476197609253333,0
95461,2023,0.10712319308542921,1
95462,2023,0.11416932153855971,1
95463,2023,0.08476197609253333,0
95464,2023,0.09165611085927768,0
95465,2023,0.15201547051025366,1
95466,2023,0.08638596607373605,0
95467,2023,0.08638596607373605,0
95468,2023,0.10692946201818872,1
95469,2023,0.1290428292340073,1
95470,2023,0.10988391295426446,1
95471,2023,0.07542275230130505,0
95472,2023,0.07542275230130505,0
95473,2023,0.08638596607373605,0
95476,2023,0.10204883710872018,1
95480,2023,0.07542275230130505,0
95481,2023,0.11623014456393799,1
95482,2023,0.1101369905464477,1
95485,2023,0.11431968784647464,1
95486,2023,0.07542275230130505,0
95487,2023,0.09515611934603291,0
95488,2023,0.09489457086744685,0
95490,2023,0.10171012609563765,1
95492,2023,0.08638596607373605,0
95493,2023,0.11623014456393799,1
95494,2023,0.08638596607373605,0
95497,2023,0.07542275230130505,0
95501,2023,0.08359807760646565,0
95502,2023,0.08359807760646565,0
95503,2023,0.08359807760646565,0
95511,2023,0.08359807760646565,0
95514,2023,0.08359807760646565,0
95518,2023,0.08359807760646565,0
95519,2023,0.08359807760646565,0
95521,2023,0.08359807760646565,0
95524,2023,0.08359807760646565,0
95525,2023,0.08359807760646565,0
95526,2023,0.12119034091944804,1
95527,2023,0.12111537331005412,1
95528,2023,0.08359807760646565,0
95531,2023,0.08959531515713541,0
95532,2023,0.08359807760646565,0
95534,2023,0.08359807760646565,0
95536,2023,0.08359807760646565,0
95537,2023,0.08359807760646565,0
95538,2023,0.08359807760646565,0
95540,2023,0.08359807760646565,0
95542,2023,0.13239281857750615,1
95543,2023,0.10877476564580303,1
95545,2023,0.08359807760646565,0
95546,2023,0.09134780362096773,0
95547,2023,0.08359807760646565,0
95548,2023,0.12310605552158149,1
95549,2023,0.08359807760646565,0
95550,2023,0.08359807760646565,0
95551,2023,0.08359807760646565,0
95552,2023,0.08359807760646565,0
95553,2023,0.12306890480590964,1
95554,2023,0.08359807760646565,0
95555,2023,0.12312608058965845,1
95556,2023,0.12712808010675417,1
95558,2023,0.09238914681106626,0
95559,2023,0.08359807760646565,0
95560,2023,0.08359807760646565,0
95562,2023,0.08359807760646565,0
95563,2023,0.12995005225884795,1
95564,2023,0.08359807760646565,0
95565,2023,0.08359807760646565,0
95567,2023,0.10877476564580303,1
95568,2023,0.08359807760646565,0
95569,2023,0.08359807760646565,0
95570,2023,0.08359807760646565,0
95571,2023,0.08359807760646565,0
95573,2023,0.08796752954077514,0
95585,2023,0.08359807760646565,0
95587,2023,0.08359807760646565,0
95589,2023,0.08359807760646565,0
95595,2023,0.13041200981293724,1
95601,2023,0.07398230571355684,0
95602,2023,0.10318865824011947,1
95603,2023,0.10318865824011947,1
95604,2023,0.10318865824011947,1
95605,2023,0.07398230571355684,0
95606,2023,0.1168281779088249,1
95607,2023,0.08214340581546185,0
95608,2023,0.07398230571355684,0
95609,2023,0.07398230571355684,0
95610,2023,0.07398230571355684,0
95611,2023,0.07398230571355684,0
95612,2023,0.07398230571355684,0
95613,2023,0.10318865824011947,1
95614,2023,0.10452952452856752,1
95615,2023,0.07398230571355684,0
95616,2023,0.07398230571355684,0
95617,2023,0.07398230571355684,0
95618,2023,0.07398230571355684,0
95619,2023,0.10326631776326421,1
95620,2023,0.08638596607373605,0
95621,2023,0.07398230571355684,0
95623,2023,0.14039302254795252,1
95624,2023,0.07398230571355684,0
95625,2023,0.08638596607373605,0
95626,2023,0.09103841507419931,0
95627,2023,0.12135294510189565,1
95628,2023,0.07398230571355684,0
95629,2023,0.13786229580947135,1
95630,2023,0.07398230571355684,0
95631,2023,0.15098352488373704,1
95632,2023,0.09724464423154609,0
95633,2023,0.11075764884898681,1
95634,2023,0.09272360351001642,0
95635,2023,0.10355027626595668,1
95636,2023,0.10318865824011947,1
95637,2023,0.12151874201492674,1
95638,2023,0.09869292361786787,0
95639,2023,0.07398230571355684,0
95640,2023,0.09594312915359415,0
95641,2023,0.09515611934603291,0
95642,2023,0.10900645677052984,1
95644,2023,0.10599202054882888,1
95645,2023,0.10318865824011947,1
95646,2023,0.1275799584188792,1
95648,2023,0.09984487303696338,0
95650,2023,0.10318865824011947,1
95651,2023,0.10318865824011947,1
95652,2023,0.07398230571355684,0
95653,2023,0.08638596607373605,0
95654,2023,0.080377374566782,0
95655,2023,0.07398230571355684,0
95656,2023,0.07398230571355684,0
95658,2023,0.10318865824011947,1
95659,2023,0.10318865824011947,1
95660,2023,0.07398230571355684,0
95661,2023,0.10318865824011947,1
95662,2023,0.07398230571355684,0
95663,2023,0.103221978157771,1
95664,2023,0.09277673341846854,0
95665,2023,0.0977138920980959,0
95666,2023,0.07398230571355684,0
95667,2023,0.10356773303963783,1
95668,2023,0.11241708516823971,1
95669,2023,0.10485971429377276,1
95670,2023,0.07398230571355684,0
95671,2023,0.10318865824011947,1
95672,2023,0.10318865824011947,1
95673,2023,0.07398230571355684,0
95674,2023,0.10318865824011947,1
95675,2023,0.07398230571355684,0
95676,2023,0.10318865824011947,1
95677,2023,0.10318865824011947,1
95678,2023,0.10318865824011947,1
95679,2023,0.11627552293177842,1
95680,2023,0.07398230571355684,0
95681,2023,0.13890156730881476,1
95682,2023,0.12064658290971543,1
95683,2023,0.09883733256482982,0
95684,2023,0.10318865824011947,1
95685,2023,0.07398230571355684,0
95686,2023,0.07398230571355684,0
95687,2023,0.08638596607373605,0
95688,2023,0.07843519755978268,0
95689,2023,0.07398230571355684,0
95690,2023,0.07398230571355684,0
95691,2023,0.07398230571355684,0
95692,2023,0.09087419357304403,0
95693,2023,0.12128472361222507,1
95694,2023,0.078782537846449,0
95695,2023,0.07398230571355684,0
95696,2023,0.08638596607373605,0
95697,2023,0.07398230571355684,0
95698,2023,0.07398230571355684,0
95699,2023,0.07398230571355684,0
95701,2023,0.10318865824011947,1
95703,2023,0.10318865824011947,1
95709,2023,0.09578352174929158,0
95712,2023,0.10318865824011947,1
95713,2023,0.09149517888817597,0
95714,2023,0.09012998483965562,0
95715,2023,0.10793876424442032,1
95717,2023,0.09333898765049338,0
95720,2023,0.14473745567124352,1
95721,2023,0.10599202054882888,1
95722,2023,0.10318865824011947,1
95724,2023,0.10599202054882888,1
95726,2023,0.10318865824011947,1
95728,2023,0.10599202054882888,1
95735,2023,0.10599202054882888,1
95736,2023,0.10318865824011947,1
95741,2023,0.07398230571355684,0
95742,2023,0.10664767204565279,1
95746,2023,0.10318865824011947,1
95747,2023,0.09694991557367659,0
95757,2023,0.07398230571355684,0
95758,2023,0.07398230571355684,0
95759,2023,0.07398230571355684,0
95762,2023,0.08377997472609477,0
95763,2023,0.07398230571355684,0
95765,2023,0.10621056967117826,1
95776,2023,0.07398230571355684,0
95798,2023,0.07398230571355684,0
95799,2023,0.07398230571355684,0
95811,2023,0.07398230571355684,0
95812,2023,0.07398230571355684,0
95813,2023,0.07398230571355684,0
95814,2023,0.07398230571355684,0
95815,2023,0.07398230571355684,0
95816,2023,0.07398230571355684,0
95817,2023,0.07398230571355684,0
95818,2023,0.07398230571355684,0
95819,2023,0.07398230571355684,0
95820,2023,0.07398230571355684,0
95821,2023,0.07398230571355684,0
95822,2023,0.07398230571355684,0
95823,2023,0.07398230571355684,0
95824,2023,0.07398230571355684,0
95825,2023,0.07398230571355684,0
95826,2023,0.07398230571355684,0
95827,2023,0.07398230571355684,0
95828,2023,0.07398230571355684,0
95829,2023,0.07398230571355684,0
95830,2023,0.07398230571355684,0
95831,2023,0.07398230571355684,0
95832,2023,0.07398230571355684,0
95833,2023,0.07398230571355684,0
95834,2023,0.07398230571355684,0
95835,2023,0.07398230571355684,0
95836,2023,0.07398230571355684,0
95837,2023,0.07398230571355684,0
95838,2023,0.07398230571355684,0
95840,2023,0.07398230571355684,0
95841,2023,0.07398230571355684,0
95842,2023,0.07398230571355684,0
95843,2023,0.07398230571355684,0
95851,2023,0.07398230571355684,0
95852,2023,0.07398230571355684,0
95853,2023,0.07398230571355684,0
95860,2023,0.07398230571355684,0
95864,2023,0.07398230571355684,0
95865,2023,0.07398230571355684,0
95866,2023,0.07398230571355684,0
95867,2023,0.07398230571355684,0
95894,2023,0.07398230571355684,0
95899,2023,0.07398230571355684,0
95901,2023,0.11983144250217231,1
95903,2023,0.09720571638397295,0
95910,2023,0.09165611085927768,0
95912,2023,0.10318865824011947,1
95913,2023,0.11623014456393799,1
95914,2023,0.09165611085927768,0
95915,2023,0.11623014456393799,1
95916,2023,0.09165611085927768,0
95917,2023,0.1117676606505407,1
95918,2023,0.14073606457269391,1
95919,2023,0.12518197993786562,1
95920,2023,0.09378205602853959,0
95922,2023,0.11419144239801703,1
95923,2023,0.09165611085927768,0
95924,2023,0.10318865824011947,1
95925,2023,0.09165611085927768,0
95926,2023,0.11623014456393799,1
95927,2023,0.11623014456393799,1
95928,2023,0.12112420857579045,1
95929,2023,0.11623014456393799,1
95930,2023,0.09165611085927768,0
95932,2023,0.09165611085927768,0
95934,2023,0.11623014456393799,1
95935,2023,0.09165611085927768,0
95936,2023,0.09165611085927768,0
95937,2023,0.12098369531057535,1
95938,2023,0.11566986513037558,1
95939,2023,0.12040548632528983,1
95940,2023,0.09165611085927768,0
95941,2023,0.09165611085927768,0
95942,2023,0.11623014456393799,1
95943,2023,0.11623014456393799,1
95944,2023,0.09165611085927768,0
95945,2023,0.10505412141842851,1
95946,2023,0.10318865824011947,1
95947,2023,0.11264474637131089,1
95948,2023,0.11165600135862654,1
95949,2023,0.11880805645492251,1
95950,2023,0.10318865824011947,1
95951,2023,0.11623014456393799,1
95953,2023,0.08847744077472947,0
95954,2023,0.11020421948550706,1
95955,2023,0.09053290812910762,0
95956,2023,0.09165611085927768,0
95957,2023,0.10318865824011947,1
95958,2023,0.09165611085927768,0
95959,2023,0.13868682850848907,1
95960,2023,0.08485197211530955,0
95961,2023,0.08406883711828278,0
95962,2023,0.11762088059605294,1
95963,2023,0.11412310718260336,1
95965,2023,0.1213218936142036,1
95966,2023,0.10789690938510656,1
95967,2023,0.11623014456393799,1
95968,2023,0.09165611085927768,0
95969,2023,0.11623014456393799,1
95970,2023,0.09165611085927768,0
95971,2023,0.08847744077472947,0
95972,2023,0.09165611085927768,0
95973,2023,0.10159430003989516,1
95974,2023,0.09165611085927768,0
95975,2023,0.10318865824011947,1
95976,2023,0.11623014456393799,1
95977,2023,0.12321965504036556,1
95978,2023,0.11623014456393799,1
95979,2023,0.11285012610250385,1
95980,2023,0.11623014456393799,1
95981,2023,0.09165611085927768,0
95982,2023,0.09025021129010465,0
95983,2023,0.12245311075735496,1
95984,2023,0.07896243854025503,0
95986,2023,0.10318865824011947,1
95987,2023,0.13413885344288945,1
95988,2023,0.11125459541176863,1
95991,2023,0.10913598599710261,1
95992,2023,0.10318865824011947,1
95993,2023,0.10061144741909943,1
96001,2023,0.11033244063459866,1
96002,2023,0.08367725344520295,0
96003,2023,0.12037694599891889,1
96006,2023,0.08367725344520295,0
96007,2023,0.10645340868962005,1
96008,2023,0.08367725344520295,0
96009,2023,0.1042303313923358,1
96010,2023,0.1344059788103577,1
96011,2023,0.08367725344520295,0
96013,2023,0.08779317717754365,0
96014,2023,0.1067752768358399,1
96015,2023,0.10461216303146834,1
96016,2023,0.08367725344520295,0
96017,2023,0.08367725344520295,0
96019,2023,0.08367725344520295,0
96020,2023,0.11623014456393799,1
96021,2023,0.10798498722263156,1
96022,2023,0.106579261690709,1
96023,2023,0.11464108640712833,1
96024,2023,0.1054838298231143,1
96025,2023,0.10515051014181054,1
96027,2023,0.10574373502650175,1
96028,2023,0.10553773454213025,1
96029,2023,0.08476197609253333,0
96031,2023,0.12720244929742586,1
96032,2023,0.11318210804612816,1
96033,2023,0.08779317717754365,0
96034,2023,0.12144439125904746,1
96035,2023,0.12711760114472048,1
96037,2023,0.10877476564580303,1
96038,2023,0.10555949211976624,1
96039,2023,0.12260140200529798,1
96040,2023,0.08367725344520295,0
96041,2023,0.08367725344520295,0
96044,2023,0.115288102308063,1
96046,2023,0.09119540842768181,0
96047,2023,0.10983760979395521,1
96048,2023,0.11812443693358844,1
96049,2023,0.08367725344520295,0
96050,2023,0.12415810137390229,1
96051,2023,0.11518614813805282,1
96052,2023,0.08367725344520295,0
96054,2023,0.12860604943039441,1
96055,2023,0.08476197609253333,0
96056,2023,0.1050891660334251,1
96057,2023,0.10428389114969489,1
96058,2023,0.12207178295569131,1
96059,2023,0.10607624876937072,1
96061,2023,0.12765469389239098,1
96062,2023,0.10500020338288162,1
96063,2023,0.08476197609253333,0
96064,2023,0.09967400527526138,0
96065,2023,0.10486001179786965,1
96067,2023,0.10361245715177136,1
96068,2023,0.08367725344520295,0
96069,2023,0.10574484089207725,1
96070,2023,0.08367725344520295,0
96071,2023,0.08367725344520295,0
96073,2023,0.08894726705983176,0
96074,2023,0.12796149716321414,1
96075,2023,0.08922113576675977,0
96076,2023,0.1259839148211834,1
96078,2023,0.08476197609253333,0
96079,2023,0.08367725344520295,0
96080,2023,0.10559293026913162,1
96084,2023,0.08779317717754365,0
96085,2023,0.13842759039132843,1
96086,2023,0.12013484906934788,1
96087,2023,0.10535438498206684,1
96088,2023,0.10513526668008635,1
96089,2023,0.08367725344520295,0
96090,2023,0.08476197609253333,0
96091,2023,0.10789033821277429,1
96092,2023,0.11623014456393799,1
96093,2023,0.08367725344520295,0
96094,2023,0.10906461866551821,1
96095,2023,0.08367725344520295,0
96096,2023,0.10445800932893802,1
96097,2023,0.1286566713230188,1
96099,2023,0.08367725344520295,0
96101,2023,0.10791733736845108,1
96103,2023,0.10599202054882888,1
96104,2023,0.08499765429297793,0
96105,2023,0.12663080902748955,1
96106,2023,0.10599202054882888,1
96107,2023,0.15984217775929463,1
96108,2023,0.11814487082756538,1
96109,2023,0.15178998371280097,1
96110,2023,0.1030822551449619,1
96111,2023,0.10599202054882888,1
96112,2023,0.11029329816777149,1
96113,2023,0.10599202054882888,1
96114,2023,0.11060790531420761,1
96115,2023,0.08820264694746745,0
96116,2023,0.08870050272461083,0
96117,2023,0.11341196011911253,1
96118,2023,0.13509472116351479,1
96119,2023,0.08367725344520295,0
96120,2023,0.1475226858434077,1
96121,2023,0.10599202054882888,1
96122,2023,0.12287607350225638,1
96123,2023,0.10734234522888947,1
96124,2023,0.10599202054882888,1
96125,2023,0.10599202054882888,1
96126,2023,0.10599202054882888,1
96127,2023,0.11623014456393799,1
96128,2023,0.10599202054882888,1
96129,2023,0.1487163684906213,1
96130,2023,0.15191607024327033,1
96132,2023,0.08779317717754365,0
96133,2023,0.10599202054882888,1
96134,2023,0.11413117524016426,1
96135,2023,0.10599202054882888,1
96136,2023,0.11271506132404789,1
96137,2023,0.08067005939163913,0
96140,2023,0.10599202054882888,1
96141,2023,0.10599202054882888,1
96142,2023,0.10599202054882888,1
96143,2023,0.10599202054882888,1
96145,2023,0.10599202054882888,1
96146,2023,0.10599202054882888,1
96148,2023,0.10599202054882888,1
96150,2023,0.10599202054882888,1
96151,2023,0.10599202054882888,1
96152,2023,0.10599202054882888,1
96154,2023,0.10599202054882888,1
96155,2023,0.10599202054882888,1
96156,2023,0.10599202054882888,1
96157,2023,0.10599202054882888,1
96158,2023,0.10599202054882888,1
96160,2023,0.10599202054882888,1
96161,2023,0.14767487112650932,1
96162,2023,0.10599202054882888,1
